// SPDX-License-Identifier: GPL-2.0
/*
 * og02c10 driver
 *
 * Copyright (C) 2023 Rockchip Electronics Co., Ltd.
 *
 * V0.0X01.0X00 first version.
 */
//#define DEBUG

#include <linux/clk.h>
#include <linux/device.h>
#include <linux/delay.h>
#include <linux/gpio/consumer.h>
#include <linux/i2c.h>
#include <linux/module.h>
#include <linux/pm_runtime.h>
#include <linux/regulator/consumer.h>
#include <linux/sysfs.h>
#include <linux/slab.h>
#include <linux/version.h>
#include <linux/rk-camera-module.h>
#include <media/media-entity.h>
#include <media/v4l2-async.h>
#include <media/v4l2-ctrls.h>
#include <media/v4l2-subdev.h>
#include <linux/pinctrl/consumer.h>
#include <linux/rk-preisp.h>
#include "../platform/rockchip/isp/rkisp_tb_helper.h"

#include <linux/of_gpio.h>
#include <dt-bindings/gpio/gpio.h>
#include <linux/gpio.h>

#define DRIVER_VERSION KERNEL_VERSION(0, 0x01, 0x00)

#define OG02C10_LANES				2
/* V4L2_CID_LINK_FREQ is CSI-2 DDR clock (Hz).
 * Data rate = 2 * link_freq Mbps/lane (both-edge sampling).
 * Linear/DCG12: 1500Mbps/lane → 750MHz.
 */
#define MIPI_FREQ_750M				750000000UL
#define PIXEL_RATE_WITH_750M			(MIPI_FREQ_750M * 2 / 10 * OG02C10_LANES)
#define PIXEL_RATE_WITH_750M_12BIT		(MIPI_FREQ_750M * 2 / 12 * OG02C10_LANES)
#define OG02C10_XVCLK_FREQ			24000000
#define OG02C10_SCLK				96000000ULL

#define OG02C10_VTS_MAX				0xffff

#define OG02C10_REG_SC_SCCB_ID0			0x0107
#define OG02C10_REG_SC_SCCB_ID1			0x0109
#define OG02C10_REG_SC_SCCB_ID2			0x302B

#define OG02C10_GAIN_MIN			16
/* total = again * dgain; again<=15.5, dgain<=15 => 232.5x; val=total*16 */
#define OG02C10_GAIN_MAX			3720
#define OG02C10_GAIN_STEP			1
#define OG02C10_GAIN_DEFAULT			0x80
#define OG02C10_AGAIN_MAX_REG			248	/* 15.5x * 16 */
#define OG02C10_AGAIN_MIN_REG			16	/* 1.0x * 16 */
#define OG02C10_DGAIN_MAX			15
/*
 * DCG Combine (RAW12):
 * - HCG again min 8x, LCG again min 1.3125x, ratio fixed 8:1.3125 (128:21)
 * - Upper/AIQ gain is "logical": 1x..~29.06x (code 16..465)
 * - Driver maps: HCG_total = logical * 8  =>  logical 1x <=> HCG 8x
 * - LCG again = HCG_again * 21 / 128; HCG/LCG dgain unified
 */
#define OG02C10_DCG_HCG_AGAIN_REF		128	/* 8.0x */
#define OG02C10_DCG_LCG_AGAIN_REF		21	/* 1.3125x */
#define OG02C10_DCG_GAIN_SCALE			8	/* logical 1x -> HCG 8x */
#define OG02C10_DCG_GAIN_MIN			OG02C10_GAIN_MIN	/* logical 1x */
#define OG02C10_DCG_GAIN_MAX			(OG02C10_GAIN_MAX / OG02C10_DCG_GAIN_SCALE) /* 465 */
#define OG02C10_DCG_GAIN_DEFAULT		OG02C10_GAIN_MIN	/* logical 1x => HCG 8x */

/* Coarse exposure lines via 0x3500~02; FAE min line target=2.
 * Sub-line / ~2us in Linear needs fine exp 0x3506/3507 (sysclk), not wired yet.
 */
#define OG02C10_EXPOSURE_MIN			2
#define OG02C10_EXPOSURE_STEP			1

/*
 * 0x3208 is a command reg (same addr, different ops):
 * - 0x0N / 0x1N: start/end record group N (init tables)
 * - 0x00 / 0x10: runtime group0 hold for AE (exp/gain/vts)
 * - 0xA0: quick/delay launch of held group0 (DCG / generic)
 * - 0xE0 / 0xE1: launch HCG / LCG context (Linear needs E0 so 3508 path works)
 * Hold start/end do NOT select HCG/LCG; final launch value does.
 */
#define OG02C10_REG_GROUP_HOLD			0x3208
#define OG02C10_GROUP_LAUNCH_HCG		0xE0

#define OG02C10_REG_EXP_H			0x3500
#define OG02C10_REG_EXP_M			0x3501
#define OG02C10_REG_EXP_L			0x3502

#define OG02C10_REG_HTS_H			0x380C
#define OG02C10_REG_HTS_L			0x380D
#define OG02C10_REG_VTS_H			0x380E
#define OG02C10_REG_VTS_L			0x380F

#define OG02C10_REG_AGAIN_COARSE		0x3508
#define OG02C10_REG_AGAIN_FINE			0x3509

#define OG02C10_REG_DGAIN_COARSE		0x350A
#define OG02C10_REG_DGAIN_FINE_H		0x350B
#define OG02C10_REG_DGAIN_FINE_L		0x350C

/* S/LCG gain (AEC_CFG_S_*): Linear10 same as L; DCG = LCG @ 8:1.3125 vs HCG */
#define OG02C10_REG_AGAIN_S_COARSE		0x3548
#define OG02C10_REG_AGAIN_S_FINE		0x3549
#define OG02C10_REG_DGAIN_S_COARSE		0x354A
#define OG02C10_REG_DGAIN_S_FINE_H		0x354B
#define OG02C10_REG_DGAIN_S_FINE_L		0x354C

#define OG02C10_REG_CTRL_MODE			0x0100
#define OG02C10_MODE_SW_STANDBY			0x0
#define OG02C10_MODE_STREAMING			BIT(0)

#define OG02C10_REG_SOFTWARE_RESET		0x0103
#define OG02C10_SOFTWARE_RESET_VAL		0x1

#define OG02C10_REG_TEST_PATTERN		0x5E00
#define OG02C10_TEST_PATTERN_DISABLE_VAL	0x00
#define OG02C10_TEST_PATTERN_ENABLE_VAL		0x80

#define OG02C10_REG_FLIP			0x3820
#define OG02C10_REG_MIRROR			0x3821
/* Align with ox03c10 RMW style; OG02C10 DS: flip 0x3820[2], mirror 0x3821[2] */
#define OG02C10_FLIP_BIT_MASK			BIT(2)
#define OG02C10_MIRROR_BIT_MASK			BIT(2)
/* 0x4288 WINDOW_CTRL_8: keep Bayer phase when flip/mirror (FAE default 0xCF) */
#define OG02C10_REG_WINDOW_CTRL_8		0x4288
#define OG02C10_MIRROR_KEEP_VIEW_EN		BIT(2)
#define OG02C10_FLIP_KEEP_VIEW_EN		BIT(3)
/* Fixed-fps max exposure (FAE):
 * Linear OG02C10: VTS/2 - 12; DCG: VTS - 8
 * (OG12A10 ref: Linear VTS/2-8, DCG VTS-8)
 */
#define OG02C10_EXPOSURE_LINEAR_MARGIN		12
#define OG02C10_EXPOSURE_DCG_MARGIN		8


#define OG02C10_REG_TIMING_CTRL_23		0x3823
#define OG02C10_REG_TIMING_CTRL_28		0x3828
#define OG02C10_REG_TIMING_CTRL_2E		0x382e

#define OG02C10_REG_POWER_CTRL_OPTIONS		0x4F00
#define OG02C10_NORMAL_MODE			0

#define OG02C10_NAME				"og02c10"

#define OF_CAMERA_HDR_MODE			"rockchip,camera-hdr-mode"
#define OF_CAMERA_PINCTRL_STATE_DEFAULT		"default"
#define OF_CAMERA_PINCTRL_STATE_MCLK		"mclk"

#define REG_NULL				0xFFFF

static const char * const OG02C10_supply_names[] = {
	"avdd",		/* Analog power */
	"dovdd",	/* Digital I/O power */
	"dvdd",		/* Digital core power */
};

#define OG02C10_NUM_SUPPLIES ARRAY_SIZE(OG02C10_supply_names)

struct regval {
	u16 addr;
	u8 val;
};

struct og02c10_mode {
	u32 bus_fmt;
	u32 width;
	u32 height;
	struct v4l2_fract max_fps;
	u32 hts_def;
	u32 vts_def;
	u32 exp_def;
	const struct regval *reg_list;
	struct rkmodule_hdr_compr *hdr_compr;
	u32 hdr_mode;
	u32 vc[PAD_MAX];
};

struct og02c10 {
	struct i2c_client	*client;
	struct clk		*xvclk;
	struct gpio_desc	*reset_gpio;
	struct gpio_desc	*pwdn_gpio;
	struct regulator_bulk_data supplies[OG02C10_NUM_SUPPLIES];

	struct pinctrl		*pinctrl;
	struct pinctrl_state	*pins_default;
	struct pinctrl_state	*pins_mclk;

	struct v4l2_subdev	subdev;
	struct media_pad	pad;
	struct v4l2_ctrl_handler ctrl_handler;
	struct v4l2_ctrl	*exposure;
	struct v4l2_ctrl	*anal_gain;
	struct v4l2_ctrl	*hblank;
	struct v4l2_ctrl	*vblank;
	struct v4l2_ctrl	*pixel_rate;
	struct v4l2_ctrl	*link_freq;
	struct v4l2_ctrl	*h_flip;
	struct v4l2_ctrl	*v_flip;
	struct v4l2_ctrl	*test_pattern;
	struct mutex		mutex;
	bool			streaming;
	bool			power_on;
	enum rkmodule_sync_mode sync_mode;

	const struct og02c10_mode *cur_mode;
	u32			cfg_num;
	u32			module_index;
	const char		*module_facing;
	const char		*module_name;
	const char		*len_name;
};

#define to_og02c10(sd) container_of(sd, struct og02c10, subdev)

static const struct regval og02c10_slave_regs[] = {
	/* Enable FSIN slave mode on top of the mode's default master setting. */
	{OG02C10_REG_TIMING_CTRL_23, 0x10},
	{OG02C10_REG_TIMING_CTRL_28, 0x08},
	{OG02C10_REG_TIMING_CTRL_2E, 0xc3},
	{REG_NULL, 0x00},
};

static const struct regval og02c10_dcg12bit_1600x1200_regs[] = {
	{0x0103, 0x01},
	{0x0100, 0x00},
	{0x6001, 0x08},
	{0x6002, 0x32},
	{0x6004, 0x8b},
	{0x6007, 0x97},
	{0x6008, 0x31},
	{0x600a, 0x9c},
	{0x600b, 0x34},
	{0x600d, 0xdd},
	{0x602d, 0xed},
	{0x602e, 0x01},
	{0x602f, 0x00},
	{0x6030, 0x00},
	{0x6036, 0x15},
	{0x6038, 0x8f},
	{0x6039, 0x00},
	{0x603a, 0x00},
	{0x603b, 0x00},
	{0x603c, 0x00},
	{0x6045, 0x01},
	{0x6046, 0x15},
	{0x6047, 0x01},
	{0x6048, 0x8f},
	{0x6056, 0x9c},
	{0x6058, 0xe1},
	{0x6059, 0x00},
	{0x605a, 0x00},
	{0x605b, 0x00},
	{0x605c, 0x00},
	{0x605d, 0x01},
	{0x605e, 0x9c},
	{0x605f, 0x01},
	{0x6060, 0xe1},
	{0x6066, 0xe8},
	{0x6070, 0xe8},
	{0x6074, 0xe8},
	{0x6078, 0xe8},
	{0x60b2, 0x9b},
	{0x60b4, 0xe8},
	{0x60b5, 0x00},
	{0x60b6, 0x00},
	{0x60b7, 0x00},
	{0x60b8, 0x00},
	{0x60c1, 0x01},
	{0x60c2, 0x9b},
	{0x60c3, 0x01},
	{0x60c4, 0xe8},
	{0x60c5, 0x00},
	{0x60c6, 0x00},
	{0x60c7, 0x00},
	{0x60c8, 0x00},
	{0x60d2, 0x13},
	{0x60d4, 0x8e},
	{0x60d6, 0xe2},
	{0x60d8, 0xe8},
	{0x60d9, 0x00},
	{0x60da, 0x00},
	{0x60db, 0x00},
	{0x60dc, 0x00},
	{0x60dd, 0x00},
	{0x60de, 0x00},
	{0x60df, 0x00},
	{0x60e0, 0x00},
	{0x60e1, 0x01},
	{0x60e2, 0x13},
	{0x60e3, 0x01},
	{0x60e4, 0x8e},
	{0x60e5, 0x01},
	{0x60e6, 0xe2},
	{0x60e7, 0x01},
	{0x60e8, 0xe8},
	{0x60e9, 0x00},
	{0x60ea, 0x00},
	{0x60eb, 0x00},
	{0x60ec, 0x00},
	{0x60ed, 0x00},
	{0x60ee, 0x00},
	{0x60ef, 0x00},
	{0x60f0, 0x00},
	{0x6101, 0x00},
	{0x6102, 0x00},
	{0x6103, 0x00},
	{0x6104, 0x00},
	{0x6105, 0x00},
	{0x6106, 0x00},
	{0x6107, 0x00},
	{0x6108, 0x00},
	{0x6109, 0x00},
	{0x610a, 0xe8},
	{0x610b, 0x00},
	{0x610c, 0x08},
	{0x610d, 0x01},
	{0x610e, 0xe8},
	{0x610f, 0x01},
	{0x6110, 0x08},
	{0x610a, 0xe8},
	{0x610c, 0x08},
	{0x610d, 0x01},
	{0x610e, 0xe8},
	{0x610f, 0x01},
	{0x6110, 0x08},
	{0x6112, 0x00},
	{0x6114, 0x00},
	{0x6115, 0x00},
	{0x6116, 0x00},
	{0x6117, 0x00},
	{0x6118, 0x00},
	{0x6126, 0x0f},
	{0x6127, 0x91},
	{0x6128, 0x98},
	{0x6129, 0x00},
	{0x612a, 0x00},
	{0x6130, 0x2f},
	{0x6134, 0x28},
	{0x6138, 0x25},
	{0x613b, 0x45},
	{0x613c, 0xe8},
	{0x6141, 0x4c},
	{0x6142, 0x85},
	{0x6143, 0x9e},
	{0x6144, 0xd7},
	{0x6145, 0xe8},
	{0x6147, 0xe8},
	{0x6149, 0xe8},
	{0x614b, 0xe8},
	{0x614d, 0xe8},
	{0x614f, 0xe8},
	{0x6151, 0x8a},
	{0x6152, 0x8c},
	{0x6153, 0xdc},
	{0x6154, 0xdf},
	{0x6163, 0x8a},
	{0x6164, 0x8d},
	{0x6165, 0xdc},
	{0x6166, 0xe0},
	{0x6167, 0x47},
	{0x6168, 0xe2},
	{0x616d, 0xe8},
	{0x616e, 0x0a},
	{0x616f, 0xe8},
	{0x6170, 0x0a},
	{0x6171, 0xe8},
	{0x6172, 0x0a},
	{0x6173, 0xe8},
	{0x6174, 0x0a},
	{0x6175, 0x5d},
	{0x6176, 0x85},
	{0x6177, 0xaf},
	{0x6178, 0xd7},
	{0x617b, 0x7b},
	{0x617c, 0x85},
	{0x6183, 0x96},
	{0x6184, 0x97},
	{0x6185, 0xe7},
	{0x6186, 0xe8},
	{0x618b, 0xe8},
	{0x61b6, 0x9c},
	{0x61b8, 0xe1},
	{0x61b9, 0x00},
	{0x61ba, 0x00},
	{0x61bb, 0x00},
	{0x61bc, 0x00},
	{0x61bd, 0x01},
	{0x61be, 0x9c},
	{0x61bf, 0x01},
	{0x61c0, 0xe1},
	{0x61c6, 0x2f},
	{0x61ca, 0x42},
	{0x61ce, 0x25},
	{0x61d1, 0x91},
	{0x61d2, 0x94},
	{0x61d3, 0xe2},
	{0x61d4, 0xe5},
	{0x6402, 0x0a},
	{0x6403, 0x02},
	{0x6404, 0x14},
	{0x6405, 0xf7},
	{0x6406, 0x01},
	{0x6407, 0x1e},
	{0x6408, 0xb9},
	{0x6409, 0x00},
	{0x640a, 0x20},
	{0x640b, 0x30},
	{0x640d, 0x22},
	{0x640e, 0x94},
	{0x6410, 0x24},
	{0x6411, 0xf3},
	{0x6413, 0x2b},
	{0x6414, 0x61},
	{0x6416, 0x33},
	{0x6417, 0x5d},
	{0x6419, 0x3a},
	{0x641a, 0x2b},
	{0x641b, 0x00},
	{0x641c, 0x3c},
	{0x641d, 0x30},
	{0x641f, 0x3e},
	{0x6420, 0xf3},
	{0x6422, 0x45},
	{0x6423, 0x5d},
	{0x6425, 0x51},
	{0x6426, 0x5d},
	{0x6428, 0x58},
	{0x6429, 0x2b},
	{0x642a, 0x01},
	{0x642b, 0x5a},
	{0x642c, 0xc5},
	{0x642d, 0x00},
	{0x642e, 0x5d},
	{0x642f, 0x33},
	{0x6431, 0x5f},
	{0x6432, 0xb6},
	{0x6433, 0x01},
	{0x6434, 0x61},
	{0x6435, 0xf6},
	{0x6437, 0x69},
	{0x6438, 0x5d},
	{0x643a, 0x75},
	{0x643b, 0x2b},
	{0x643d, 0x77},
	{0x643e, 0x2c},
	{0x6440, 0x82},
	{0x6441, 0x27},
	{0x6443, 0x84},
	{0x6444, 0x34},
	{0x6445, 0x01},
	{0x6446, 0x86},
	{0x6447, 0xf6},
	{0x6449, 0x8e},
	{0x644a, 0x5d},
	{0x644c, 0x9a},
	{0x644d, 0x5d},
	{0x644f, 0xac},
	{0x6450, 0x20},
	{0x6452, 0xae},
	{0x6453, 0xa4},
	{0x6455, 0xb0},
	{0x6456, 0x94},
	{0x6458, 0xb2},
	{0x6459, 0x20},
	{0x645a, 0x03},
	{0x645b, 0xb4},
	{0x645c, 0xae},
	{0x645e, 0xbc},
	{0x645f, 0x5d},
	{0x6462, 0x5d},
	{0x6464, 0xda},
	{0x6465, 0xc6},
	{0x6467, 0xdc},
	{0x6468, 0x94},
	{0x6469, 0x03},
	{0x646a, 0xde},
	{0x646b, 0xae},
	{0x646d, 0xe6},
	{0x646e, 0x5d},
	{0x646f, 0x00},
	{0x6470, 0xf2},
	{0x6471, 0x5d},
	{0x6473, 0xf9},
	{0x6474, 0x2b},
	{0x6475, 0x01},
	{0x6476, 0xfb},
	{0x6477, 0xce},
	{0x6478, 0x00},
	{0x6479, 0x00},
	{0x647a, 0x00},
	{0x64f0, 0x1c},
	{0x64f1, 0xfb},
	{0x64fc, 0x1b},
	{0x64fd, 0xfb},
	{0x64fe, 0x00},
	{0x64ff, 0x00},
	{0x6506, 0xfb},
	{0x6507, 0x1e},
	{0x650e, 0x1c},
	{0x650f, 0xfb},
	{0x6510, 0x1c},
	{0x6511, 0xfb},
	{0x6514, 0x00},
	{0x6515, 0x00},
	{0x6516, 0x00},
	{0x6517, 0x00},
	{0x6518, 0x00},
	{0x6519, 0x00},
	{0x651a, 0x00},
	{0x651b, 0x00},
	{0x651c, 0x00},
	{0x651d, 0x00},
	{0x651e, 0x00},
	{0x651f, 0x00},
	{0x6520, 0x00},
	{0x6521, 0x00},
	{0x6522, 0x00},
	{0x6523, 0x00},
	{0x6524, 0x00},
	{0x6525, 0x00},
	{0x6526, 0x00},
	{0x6527, 0x00},
	{0x6528, 0x00},
	{0x6529, 0x00},
	{0x652c, 0x00},
	{0x652d, 0x00},
	{0x652e, 0x00},
	{0x652f, 0x00},
	{0x6530, 0x00},
	{0x6531, 0x00},
	{0x6534, 0x3e},
	{0x6535, 0x4c},
	{0x6536, 0xb4},
	{0x6537, 0xc3},
	{0x6538, 0x00},
	{0x6539, 0x00},
	{0x653a, 0x24},
	{0x653b, 0x2e},
	{0x653c, 0xde},
	{0x653d, 0xed},
	{0x653e, 0x00},
	{0x653f, 0x00},
	{0x6540, 0x3e},
	{0x6541, 0x4c},
	{0x6542, 0x86},
	{0x6543, 0x95},
	{0x6544, 0x00},
	{0x6545, 0x00},
	{0x6546, 0x24},
	{0x6547, 0x2e},
	{0x6548, 0x61},
	{0x6549, 0x70},
	{0x654a, 0x00},
	{0x654b, 0x00},
	{0x654c, 0x5d},
	{0x654d, 0xfb},
	{0x6560, 0x00},
	{0x6561, 0x00},
	{0x6564, 0x00},
	{0x6565, 0x00},
	{0x6566, 0x00},
	{0x6567, 0x00},
	{0x6570, 0x00},
	{0x6571, 0x00},
	{0x6572, 0x00},
	{0x6573, 0x00},
	{0x6574, 0x00},
	{0x6575, 0x00},
	{0x6576, 0x00},
	{0x6577, 0x00},
	{0x657c, 0x3e},
	{0x657d, 0x2b},
	{0x657e, 0x61},
	{0x657f, 0x45},
	{0x6580, 0x86},
	{0x6581, 0x69},
	{0x6582, 0xb4},
	{0x6583, 0x8e},
	{0x6584, 0xde},
	{0x6585, 0xbc},
	{0x6586, 0xfb},
	{0x6587, 0xe6},
	{0x6588, 0x3e},
	{0x6589, 0x53},
	{0x658a, 0xb4},
	{0x658b, 0xca},
	{0x658c, 0x00},
	{0x658d, 0x00},
	{0x658e, 0x24},
	{0x658f, 0x35},
	{0x6590, 0xde},
	{0x6591, 0xf4},
	{0x6592, 0x00},
	{0x6593, 0x00},
	{0x6594, 0x3e},
	{0x6595, 0x53},
	{0x6596, 0x86},
	{0x6597, 0x9c},
	{0x6598, 0x00},
	{0x6599, 0x00},
	{0x659a, 0x24},
	{0x659b, 0x35},
	{0x659c, 0x61},
	{0x659d, 0x7d},
	{0x659e, 0x00},
	{0x659f, 0x00},
	{0x65a0, 0x24},
	{0x65a1, 0x2e},
	{0x65a2, 0x3e},
	{0x65a3, 0x4c},
	{0x65a4, 0x61},
	{0x65a5, 0x70},
	{0x65a6, 0x86},
	{0x65a7, 0x95},
	{0x65a8, 0xb4},
	{0x65a9, 0xc3},
	{0x65aa, 0xde},
	{0x65ab, 0xed},
	{0x65ac, 0x2e},
	{0x65ad, 0x35},
	{0x65ae, 0x4c},
	{0x65af, 0x53},
	{0x65b0, 0x70},
	{0x65b1, 0x7d},
	{0x65b2, 0x95},
	{0x65b3, 0x9c},
	{0x65b4, 0xc3},
	{0x65b5, 0xca},
	{0x65b6, 0xed},
	{0x65b7, 0xf4},
	{0x65ba, 0x2d},
	{0x65bb, 0x3a},
	{0x65bc, 0x47},
	{0x65bd, 0x58},
	{0x65be, 0x6b},
	{0x65bf, 0x82},
	{0x65c0, 0x90},
	{0x65c1, 0xa1},
	{0x65c2, 0xbe},
	{0x65c3, 0xcf},
	{0x65c4, 0xe8},
	{0x65c5, 0xf9},
	{0x65c8, 0x2b},
	{0x65c9, 0x2e},
	{0x65ca, 0x45},
	{0x65cb, 0x4c},
	{0x65cc, 0x69},
	{0x65cd, 0x70},
	{0x65ce, 0x8e},
	{0x65cf, 0x95},
	{0x65d0, 0xbc},
	{0x65d1, 0xc3},
	{0x65d2, 0xe6},
	{0x65d3, 0xed},
	{0x65d6, 0x26},
	{0x65d7, 0x33},
	{0x65d8, 0x40},
	{0x65d9, 0x51},
	{0x65da, 0x64},
	{0x65db, 0x75},
	{0x65dc, 0x89},
	{0x65dd, 0x9a},
	{0x65de, 0xb7},
	{0x65df, 0xc8},
	{0x65e0, 0xe1},
	{0x65e1, 0xf2},
	{0x65e6, 0x1c},
	{0x65e7, 0xfb},
	{0x65e8, 0x00},
	{0x65e9, 0x00},
	{0x65f8, 0x00},
	{0x65f9, 0x00},
	{0x6608, 0x20},
	{0x6609, 0xfb},
	{0x6618, 0x20},
	{0x6619, 0xfb},
	{0x6628, 0x18},
	{0x6629, 0x19},
	{0x662c, 0x00},
	{0x662d, 0x00},
	{0x663c, 0x5f},
	{0x663d, 0x77},
	{0x663e, 0x77},
	{0x663f, 0xae},
	{0x6641, 0xda},
	{0x6642, 0xda},
	{0x6643, 0xfb},
	{0x6644, 0x00},
	{0x6645, 0x00},
	{0x6680, 0x1b},
	{0x6681, 0xfb},
	{0x6682, 0x1b},
	{0x6683, 0xfb},
	{0x6690, 0xac},
	{0x6691, 0x0d},
	{0x6692, 0xda},
	{0x6693, 0xb0},
	{0x6694, 0xfb},
	{0x6695, 0xdc},
	{0x669a, 0xa7},
	{0x669b, 0x11},
	{0x669c, 0xd5},
	{0x669d, 0xb2},
	{0x669e, 0xfb},
	{0x669f, 0xde},
	{0x66a8, 0x14},
	{0x66a9, 0x02},
	{0x66aa, 0x5a},
	{0x66ab, 0x22},
	{0x66ac, 0xfb},
	{0x66ad, 0x5f},
	{0x66b0, 0x14},
	{0x66b1, 0x02},
	{0x66b2, 0x5a},
	{0x66b3, 0x22},
	{0x66b4, 0xfb},
	{0x66b5, 0x5f},
	{0x66b8, 0x00},
	{0x66b9, 0x00},
	{0x66ba, 0x00},
	{0x66bb, 0x00},
	{0x66c0, 0x00},
	{0x66c1, 0x00},
	{0x66c2, 0x00},
	{0x66c3, 0x00},
	{0x66d8, 0x3a},
	{0x66d9, 0x5a},
	{0x66da, 0x79},
	{0x66db, 0xde},
	{0x66dc, 0x00},
	{0x66dd, 0x00},
	{0x66e4, 0x3a},
	{0x66e5, 0x5a},
	{0x66e6, 0x79},
	{0x66e7, 0xde},
	{0x66e8, 0x00},
	{0x66e9, 0x00},
	{0x66f0, 0x5a},
	{0x66f1, 0x3c},
	{0x66f2, 0xda},
	{0x66f3, 0x84},
	{0x66f6, 0x5a},
	{0x66f7, 0x3c},
	{0x66f8, 0xda},
	{0x66f9, 0x84},
	{0x66fc, 0x00},
	{0x66fd, 0x00},
	{0x4e11, 0x1d},
	{0x0304, 0x01},
	{0x0305, 0x77},
	{0x0306, 0x04},
	{0x0307, 0x00},
	{0x030b, 0x00},
	{0x0317, 0x02},
	{0x0318, 0x00},
	{0x0324, 0x01},
	{0x0325, 0x50},
	{0x0326, 0x0d},
	{0x0327, 0x06},
	{0x0328, 0x00},
	{0x0329, 0x01},
	{0x032a, 0x00},
	{0x032b, 0x07},
	{0x032c, 0x02},
	{0x3012, 0x11},
	{0x3018, 0xf0},
	{0x301e, 0xd0},
	{0x3304, 0x50},
	{0x3400, 0x00},
	{0x3408, 0x05},
	{0x3500, 0x00},
	{0x3501, 0x00},
	{0x3502, 0x40},
	{0x3504, 0x08},
	{0x3506, 0x00},
	{0x3507, 0x00},
	{0x3508, 0x08},
	{0x3509, 0x00},
	{0x350d, 0x00},
	{0x350e, 0x00},
	{0x3540, 0x00},
	{0x3541, 0x00},
	{0x3542, 0x40},
	{0x3544, 0x08},
	{0x3546, 0x00},
	{0x3547, 0x00},
	{0x3548, 0x01},
	{0x3549, 0x50},
	{0x354d, 0x00},
	{0x354e, 0x00},
	{0x3581, 0x00},
	{0x3582, 0x04},
	{0x3588, 0x01},
	{0x3589, 0x00},
	{0x3600, 0x00},
	{0x3601, 0x80},
	{0x3603, 0x00},
	{0x3604, 0x00},
	{0x3605, 0x50},
	{0x3607, 0x59},
	{0x3611, 0x40},
	{0x3617, 0x0a},
	{0x361a, 0x19},
	{0x361f, 0x47},
	{0x3620, 0x00},
	{0x3621, 0x00},
	{0x362a, 0x86},
	{0x362d, 0x2f},
	{0x362e, 0x3c},
	{0x3630, 0xcb},
	{0x3636, 0xf0},
	{0x3637, 0x08},
	{0x3641, 0x17},
	{0x3642, 0x17},
	{0x3646, 0x18},
	{0x3647, 0x18},
	{0x3648, 0x08},
	{0x3649, 0x40},
	{0x365b, 0x00},
	{0x3660, 0x02},
	{0x3661, 0x67},
	{0x3663, 0x24},
	{0x3671, 0x84},
	{0x3678, 0x00},
	{0x3679, 0x00},
	{0x367c, 0x48},
	{0x3688, 0x11},
	{0x3689, 0x00},
	{0x368a, 0x00},
	{0x368b, 0x83},
	{0x3693, 0x0c},
	{0x36c0, 0x00},
	{0x36c6, 0x00},
	{0x36c9, 0x00},
	{0x36ca, 0x00},
	{0x36cb, 0x00},
	{0x36cc, 0x00},
	{0x36cd, 0x00},
	{0x36ce, 0x00},
	{0x36cf, 0x00},
	{0x36d0, 0x00},
	{0x36d3, 0x00},
	{0x36d4, 0x00},
	{0x36d5, 0x00},
	{0x36d6, 0x00},
	{0x36d7, 0x00},
	{0x36d8, 0x00},
	{0x36d9, 0x00},
	{0x36da, 0x00},
	{0x36db, 0x00},
	{0x3700, 0x84},
	{0x371b, 0x02},
	{0x371c, 0x5e},
	{0x37a4, 0x12},
	{0x371f, 0x03},
	{0x373d, 0x10},
	{0x3744, 0x1f},
	{0x3745, 0x10},
	{0x3747, 0x0a},
	{0x3748, 0x0a},
	{0x374b, 0x00},
	{0x374c, 0x0c},
	{0x374d, 0x0d},
	{0x3790, 0x10},
	{0x3792, 0x00},
	{0x3796, 0x00},
	{0x37a6, 0x01},
	{0x37bb, 0x88},
	{0x37be, 0x01},
	{0x37bf, 0x01},
	{0x37c0, 0x00},
	{0x37ca, 0x21},
	{0x37cf, 0x02},
	{0x37d0, 0x00},
	{0x37d1, 0x2d},
	{0x37d2, 0x00},
	{0x37d3, 0x42},
	{0x37d4, 0x00},
	{0x37d5, 0x2d},
	{0x37d6, 0x00},
	{0x37d7, 0x42},
	{0x3800, 0x00},
	{0x3801, 0x00},
	{0x3802, 0x00},
	{0x3803, 0x00},
	{0x3804, 0x06},
	{0x3805, 0x6f},
	{0x3806, 0x04},
	{0x3807, 0xff},
	{0x3808, 0x06},
	{0x3809, 0x40},
	{0x380a, 0x04},
	{0x380b, 0xb0},
	{0x380c, 0x03},
	{0x380d, 0x05},
	{0x380e, 0x08},
	{0x380f, 0x00},
	{0x3810, 0x00},
	{0x3811, 0x18},
	{0x3812, 0x00},
	{0x3813, 0x28},
	{0x3814, 0x11},
	{0x3815, 0x11},
	{0x3820, 0x80},
	{0x3821, 0x00},
	{0x3822, 0x0c},
	{0x382c, 0x21},
	{0x382d, 0x00},
	{0x384b, 0x00},
	{0x384c, 0x02},
	{0x384d, 0xd2},
	{0x384e, 0x00},
	{0x384f, 0x00},
	{0x3850, 0x00},
	{0x3851, 0x00},
	{0x3852, 0x00},
	{0x385e, 0x00},
	{0x385f, 0x00},
	{0x3860, 0x00},
	{0x3861, 0x00},
	{0x3862, 0x00},
	{0x3863, 0x00},
	{0x3864, 0x00},
	{0x3865, 0x02},
	{0x3869, 0x02},
	{0x386b, 0x21},
	{0x388a, 0x00},
	{0x388b, 0x00},
	{0x3898, 0x07},
	{0x3902, 0x01},
	{0x3903, 0xc0},
	{0x3a00, 0x00},
	{0x3a01, 0x00},
	{0x3a02, 0x00},
	{0x3a03, 0x00},
	{0x3a04, 0x00},
	{0x3a05, 0x00},
	{0x3a06, 0x00},
	{0x3a07, 0x00},
	{0x3a08, 0x00},
	{0x3a09, 0x00},
	{0x3a0a, 0x00},
	{0x3a0b, 0x00},
	{0x3a0c, 0x00},
	{0x3a0d, 0x00},
	{0x3a0e, 0x00},
	{0x3a0f, 0x00},
	{0x3a10, 0x00},
	{0x3a11, 0x00},
	{0x3a12, 0x00},
	{0x3a13, 0x00},
	{0x3a14, 0x00},
	{0x3a15, 0x00},
	{0x3a16, 0x00},
	{0x3a17, 0x00},
	{0x3a18, 0x00},
	{0x3a19, 0x00},
	{0x3a1a, 0x00},
	{0x3a1b, 0x00},
	{0x3a1c, 0x00},
	{0x3a1d, 0x00},
	{0x3a1e, 0x00},
	{0x3a1f, 0x00},
	{0x3a20, 0x00},
	{0x3a21, 0x00},
	{0x3a22, 0x04},
	{0x3a27, 0x00},
	{0x3a28, 0x00},
	{0x3a2b, 0x20},
	{0x3c00, 0x99},
	{0x3c01, 0x99},
	{0x3c02, 0xff},
	{0x3c03, 0xff},
	{0x3c04, 0x18},
	{0x3c05, 0x18},
	{0x3c06, 0x18},
	{0x3c07, 0x18},
	{0x3c08, 0x18},
	{0x3c09, 0x18},
	{0x3c0a, 0x18},
	{0x3c0b, 0x18},
	{0x3c0c, 0x1f},
	{0x3c0d, 0x1f},
	{0x3c0e, 0x1f},
	{0x3c0f, 0x1f},
	{0x3c10, 0x12},
	{0x3c11, 0x12},
	{0x3c12, 0x12},
	{0x3c13, 0x12},
	{0x3c14, 0x12},
	{0x3c15, 0x12},
	{0x3c16, 0x12},
	{0x3c17, 0x12},
	{0x3c19, 0x44},
	{0x3c1b, 0x44},
	{0x3c1c, 0x72},
	{0x3c1e, 0xf8},
	{0x3c20, 0x00},
	{0x3c21, 0x99},
	{0x3c22, 0x99},
	{0x3c25, 0x00},
	{0x3c26, 0x67},
	{0x3c27, 0x78},
	{0x3c28, 0xbb},
	{0x3c29, 0xbc},
	{0x3c2f, 0x00},
	{0x3c30, 0x17},
	{0x3c31, 0x17},
	{0x3c32, 0x17},
	{0x3c33, 0x17},
	{0x3c34, 0x28},
	{0x3c35, 0x28},
	{0x3c36, 0x28},
	{0x3c37, 0x28},
	{0x3c49, 0x00},
	{0x3c4a, 0x9a},
	{0x3c4c, 0x00},
	{0x3c4d, 0x00},
	{0x3c4e, 0x00},
	{0x3c50, 0x00},
	{0x3c51, 0x00},
	{0x3c52, 0x00},
	{0x3c67, 0x90},
	{0x3c69, 0x90},
	{0x3c6b, 0x52},
	{0x3c6d, 0x52},
	{0x3c70, 0x00},
	{0x3c71, 0x04},
	{0x3c73, 0x52},
	{0x3c75, 0x52},
	{0x3c79, 0x00},
	{0x3c7a, 0x00},
	{0x3c7b, 0x00},
	{0x3cb6, 0x41},
	{0x3cb9, 0x00},
	{0x3cc2, 0x90},
	{0x3cc8, 0xb6},
	{0x4000, 0xf9},
	{0x4001, 0x2b},
	{0x4004, 0x00},
	{0x4005, 0x40},
	{0x4006, 0x00},
	{0x4007, 0x10},
	{0x4008, 0x00},
	{0x4009, 0x11},
	{0x400a, 0x02},
	{0x400b, 0x00},
	{0x400c, 0x00},
	{0x400d, 0x10},
	{0x400e, 0x05},
	{0x400f, 0xf1},
	{0x4010, 0x00},
	{0x4011, 0x00},
	{0x4012, 0x08},
	{0x4013, 0x02},
	{0x4014, 0x02},
	{0x4016, 0x00},
	{0x4017, 0x04},
	{0x4019, 0x04},
	{0x401a, 0x40},
	{0x4025, 0x00},
	{0x4026, 0x00},
	{0x4028, 0x4f},
	{0x4029, 0x01},
	{0x402a, 0x00},
	{0x402b, 0x00},
	{0x402c, 0x00},
	{0x402d, 0x00},
	{0x402e, 0x00},
	{0x402f, 0x40},
	{0x4032, 0x1f},
	{0x4033, 0x00},
	{0x4034, 0x00},
	{0x4035, 0x80},
	{0x4036, 0x00},
	{0x4037, 0x80},
	{0x4038, 0x00},
	{0x4039, 0x80},
	{0x403a, 0x00},
	{0x403b, 0x80},
	{0x4040, 0x00},
	{0x4041, 0x00},
	{0x4042, 0x00},
	{0x4043, 0x00},
	{0x4044, 0x00},
	{0x4045, 0x00},
	{0x4046, 0x00},
	{0x4047, 0x00},
	{0x4048, 0x00},
	{0x4049, 0x00},
	{0x404a, 0x00},
	{0x404b, 0x00},
	{0x404c, 0x00},
	{0x404d, 0x00},
	{0x404e, 0x00},
	{0x404f, 0x00},
	{0x4050, 0x08},
	{0x4051, 0x0f},
	{0x4052, 0x00},
	{0x4053, 0x4e},
	{0x4054, 0x00},
	{0x4055, 0x4e},
	{0x4056, 0x00},
	{0x4057, 0x4e},
	{0x4058, 0x00},
	{0x4059, 0x4e},
	{0x405b, 0x30},
	{0x405c, 0x20},
	{0x405d, 0x00},
	{0x405e, 0x00},
	{0x4065, 0x00},
	{0x4066, 0x02},
	{0x406e, 0x00},
	{0x406f, 0x00},
	{0x40a0, 0x00},
	{0x40a1, 0x00},
	{0x40a2, 0x00},
	{0x40a3, 0x00},
	{0x40a4, 0x00},
	{0x40a5, 0x00},
	{0x40a6, 0x00},
	{0x40a7, 0x00},
	{0x40bc, 0x00},
	{0x4288, 0xcf},
	{0x4289, 0x00},
	{0x428a, 0x40},
	{0x42a0, 0x00},
	{0x42a1, 0x02},
	{0x42a2, 0x00},
	{0x42a3, 0x00},
	{0x42a4, 0x00},
	{0x42a5, 0x00},
	{0x42a6, 0x00},
	{0x42a7, 0x00},
	{0x42a8, 0x00},
	{0x42a9, 0x00},
	{0x42aa, 0x00},
	{0x42ab, 0x00},
	{0x42ac, 0x00},
	{0x42ad, 0x00},
	{0x42ae, 0x00},
	{0x42af, 0x00},
	{0x42b0, 0x00},
	{0x42b1, 0x00},
	{0x42b2, 0x00},
	{0x42b3, 0x00},
	{0x42b4, 0x00},
	{0x42b5, 0x00},
	{0x42b6, 0x00},
	{0x42b7, 0x00},
	{0x42b8, 0x00},
	{0x42b9, 0x00},
	{0x42ba, 0x00},
	{0x42bb, 0x00},
	{0x42bc, 0x00},
	{0x42bd, 0x00},
	{0x42be, 0x00},
	{0x42bf, 0x00},
	{0x42c0, 0x00},
	{0x42c1, 0x00},
	{0x42d0, 0x00},
	{0x42d1, 0x00},
	{0x42d2, 0x00},
	{0x42d3, 0x00},
	{0x42d4, 0x00},
	{0x42d5, 0x00},
	{0x42d6, 0x00},
	{0x42d7, 0x00},
	{0x42d8, 0x00},
	{0x42d9, 0x00},
	{0x42da, 0x00},
	{0x42db, 0x00},
	{0x42dc, 0x00},
	{0x42dd, 0x00},
	{0x42de, 0x00},
	{0x42df, 0x00},
	{0x42e0, 0x00},
	{0x42e1, 0x00},
	{0x42e2, 0x00},
	{0x42e3, 0x00},
	{0x42e4, 0x00},
	{0x42e5, 0x00},
	{0x42e6, 0x00},
	{0x42e7, 0x00},
	{0x42e8, 0x00},
	{0x42e9, 0x00},
	{0x42ea, 0x00},
	{0x42eb, 0x00},
	{0x42ec, 0x00},
	{0x42ed, 0x00},
	{0x42ee, 0x00},
	{0x42ef, 0x00},
	{0x42f0, 0x00},
	{0x42f1, 0x00},
	{0x438b, 0x0f},
	{0x438c, 0xff},
	{0x4394, 0x00},
	{0x450b, 0x1b},
	{0x450e, 0x98},
	{0x450f, 0x81},
	{0x4510, 0x00},
	{0x4513, 0x00},
	{0x451a, 0x01},
	{0x451b, 0x00},
	{0x4604, 0x40},
	{0x460a, 0x00},
	{0x460b, 0x1d},
	{0x4642, 0x80},
	{0x4643, 0x80},
	{0x4644, 0x10},
	{0x4645, 0x10},
	{0x464a, 0x00},
	{0x464d, 0x01},
	{0x480e, 0x00},
	{0x4813, 0x00},
	{0x481b, 0x3e},
	{0x481f, 0x28},
	{0x4823, 0x40},
	{0x4829, 0x70},
	{0x4837, 0x0a},
	{0x484b, 0x07},
	{0x4850, 0x43},
	{0x4d00, 0x4c},
	{0x4d01, 0xef},
	{0x4d02, 0xba},
	{0x4d03, 0x0b},
	{0x4d04, 0x33},
	{0x4d05, 0xa4},
	{0x4d07, 0x30},
	{0x4d09, 0x0a},
	{0x4e27, 0x00},
	{0x4e28, 0x00},
	{0x4e2c, 0x05},
	{0x5000, 0xdd},
	{0x5002, 0x00},
	{0x5003, 0x40},
	{0x5004, 0x00},
	{0x5005, 0x40},
	{0x5006, 0x00},
	{0x5007, 0x00},
	{0x5023, 0x01},
	{0x5030, 0x10},
	{0x504b, 0x01},
	{0x5074, 0xd0},
	{0x5075, 0x14},
	{0x5076, 0xcc},
	{0x5077, 0x04},
	{0x5078, 0x00},
	{0x507a, 0x0f},
	{0x507b, 0xff},
	{0x5080, 0x44},
	{0x50c0, 0x00},
	{0x5381, 0x0c},
	{0x53a3, 0x01},
	{0x5401, 0x0c},
	{0x5423, 0x01},
	{0x5380, 0x13},
	{0x5382, 0x05},
	{0x5383, 0x09},
	{0x5384, 0x0e},
	{0x5385, 0x11},
	{0x5386, 0x05},
	{0x5387, 0x09},
	{0x5388, 0x0e},
	{0x5389, 0x11},
	{0x53a4, 0x23},
	{0x53a5, 0x56},
	{0x53a6, 0x23},
	{0x53a7, 0x56},
	{0x5400, 0x13},
	{0x5402, 0x04},
	{0x5403, 0x08},
	{0x5404, 0x0c},
	{0x5405, 0x0c},
	{0x5406, 0x04},
	{0x5407, 0x08},
	{0x5408, 0x0c},
	{0x5409, 0x0c},
	{0x5781, 0x04},
	{0x57a4, 0x00},
	{0x57a5, 0x20},
	{0x57a6, 0x07},
	{0x57a7, 0xff},
	{0x57a8, 0x00},
	{0x57a9, 0x20},
	{0x57aa, 0x03},
	{0x57ab, 0xb8},
	{0x57ba, 0x10},
	{0x57bc, 0x03},
	{0x57bd, 0x00},
	{0x57be, 0x03},
	{0x57bf, 0x40},
	{0x57c0, 0x03},
	{0x57c1, 0x80},
	{0x57c2, 0x03},
	{0x57c3, 0x00},
	{0x57c4, 0x03},
	{0x57c5, 0x40},
	{0x57c6, 0x03},
	{0x57c7, 0x80},
	{0x5800, 0x28},
	{0x5801, 0x0c},
	{0x5802, 0x08},
	{0x5803, 0x08},
	{0x5804, 0x09},
	{0x5805, 0x0a},
	{0x5806, 0x0b},
	{0x5807, 0x0c},
	{0x5808, 0x0d},
	{0x5809, 0x0e},
	{0x580a, 0x0f},
	{0x5826, 0x01},
	{0x5827, 0x00},
	{0x582a, 0x00},
	{0x582b, 0x80},
	{0x582e, 0x00},
	{0x582f, 0x80},
	{0x5832, 0x01},
	{0x5833, 0x00},
	{0x5836, 0x01},
	{0x5837, 0x00},
	{0x583a, 0x02},
	{0x583b, 0x00},
	{0x583e, 0x02},
	{0x583f, 0x00},
	{0x5842, 0x04},
	{0x5843, 0x00},
	{0x5846, 0x03},
	{0x5847, 0xff},
	{0x5847, 0xff},
	{0x5a02, 0x00},
	{0x5a03, 0x8a},
	{0x3d8c, 0x73},
	{0x3d8d, 0xb0},
	{0x5200, 0x00},
	{0x5201, 0x10},
	{0x5202, 0x03},
	{0x5203, 0x1f},
	{0x5240, 0x00},
	{0x5241, 0x10},
	{0x5242, 0x03},
	{0x5243, 0x1f},
	{0x3200, 0x00},
	{0x3201, 0x02},
	{0x3202, 0x04},
	{0x3203, 0x06},
	{0x3230, 0x0c},
	{0x3231, 0x12},
	{0x3232, 0x19},
	{0x3233, 0x1f},
	{0x390b, 0x33},
	{0x3239, 0xff},
	{0x323a, 0xff},
	{0x3901, 0x30},
	{0x399b, 0x33},
	{0x3208, 0x02},
	{0x301b, 0xb5},
	{0x3017, 0xf5},
	{0x301f, 0xe1},
	{0x3700, 0x94},
	{0x3869, 0x0e},
	{0x3649, 0x4f},
	{0x3508, 0x01},
	{0x3509, 0xf0},
	{0x3548, 0x01},
	{0x3549, 0x00},
	{0x5a02, 0x01},
	{0x5a03, 0xb5},
	{0x451c, 0x08},
	{0x451e, 0x01},
	{0x451f, 0x70},
	{0x4520, 0x05},
	{0x4521, 0x00},
	{0x3853, 0x01},
	{0x3669, 0x09},
	{0x389e, 0xaa},
	{0x371c, 0x6a},
	{0x370e, 0xb4},
	{0x3878, 0x04},
	{0x387e, 0x81},
	{0x301b, 0xb4},
	{0x3017, 0xf0},
	{0x3016, 0xf0},
	{0x370f, 0x90},
	{0x3208, 0x12},
	{0x3208, 0x03},
	{0x301b, 0xb5},
	{0x3017, 0xf5},
	{0x301f, 0xe9},
	{0x3700, 0x84},
	{0x370f, 0x10},
	{0x3649, 0x40},
	{0x3508, 0x08},
	{0x3509, 0x00},
	{0x3548, 0x01},
	{0x3549, 0x50},
	{0x5a02, 0x00},
	{0x5a03, 0x93},
	{0x451c, 0x00},
	{0x451e, 0x00},
	{0x451f, 0x00},
	{0x4520, 0x00},
	{0x4521, 0x00},
	{0x3869, 0x02},
	{0x3669, 0x09},
	{0x371c, 0x5e},
	{0x370e, 0x00},
	{0x3878, 0x00},
	{0x387e, 0x80},
	{0x3016, 0xf9},
	{0x301b, 0xb4},
	{0x3017, 0xf0},
	{0x3016, 0xf0},
	{0x3016, 0xf0},
	{0x3016, 0xf0},
	{0x3016, 0xf0},
	{0x3016, 0xf0},
	{0x3016, 0xf0},
	{0x301f, 0xe1},
	{0x3208, 0x13},
	{0x3208, 0x0c},
	{0x3733, 0x00},
	{0x3734, 0x00},
	{0x3737, 0x00},
	{0x3738, 0x00},
	{0x3739, 0x00},
	{0x6608, 0x20},
	{0x6609, 0xfb},
	{0x6618, 0x20},
	{0x6619, 0xfb},
	{0x65e6, 0x1c},
	{0x65e7, 0xfb},
	{0x6125, 0x08},
	{0x6126, 0x11},
	{0x6127, 0x8f},
	{0x6128, 0x99},
	{0x6129, 0xe2},
	{0x612a, 0xe8},
	{0x6126, 0x11},
	{0x6127, 0x8f},
	{0x6128, 0x99},
	{0x606f, 0x01},
	{0x6070, 0xe8},
	{0x60b2, 0x9b},
	{0x60b4, 0xe8},
	{0x60c2, 0x9b},
	{0x60c4, 0xe8},
	{0x60d2, 0x13},
	{0x60d4, 0x8e},
	{0x60d6, 0xe2},
	{0x60d8, 0xe8},
	{0x60e2, 0x13},
	{0x60e4, 0x8e},
	{0x60e6, 0xe2},
	{0x60e8, 0xe8},
	{0x3208, 0x1c},
	{0x3208, 0x0a},
	{0x3733, 0x09},
	{0x3737, 0x10},
	{0x3734, 0x80},
	{0x3738, 0x3c},
	{0x3739, 0x04},
	{0x6608, 0xfb},
	{0x6609, 0x20},
	{0x6618, 0xfb},
	{0x6619, 0x20},
	{0x65e6, 0xfb},
	{0x65e7, 0x1c},
	{0x6125, 0x11},
	{0x6126, 0x08},
	{0x6127, 0x99},
	{0x6128, 0x8f},
	{0x6129, 0xe8},
	{0x612a, 0xe2},
	{0x606f, 0xe8},
	{0x6070, 0x01},
	{0x60b2, 0xe8},
	{0x60b4, 0x9b},
	{0x60c2, 0xe8},
	{0x60c4, 0x9b},
	{0x60d2, 0x8e},
	{0x60d4, 0x13},
	{0x60d6, 0xe8},
	{0x60d8, 0xe2},
	{0x60e2, 0x8e},
	{0x60e4, 0x13},
	{0x60e6, 0xe8},
	{0x60e8, 0xe2},
	{0x3208, 0x1a},
	{0x3208, 0x0b},
	{0x3733, 0x00},
	{0x3734, 0x00},
	{0x3737, 0x00},
	{0x3738, 0x00},
	{0x3739, 0x00},
	{0x6608, 0x20},
	{0x6609, 0xfb},
	{0x6618, 0x20},
	{0x6619, 0xfb},
	{0x65e6, 0x1c},
	{0x65e7, 0xfb},
	{0x6125, 0x08},
	{0x6126, 0x11},
	{0x6127, 0x8f},
	{0x6128, 0x99},
	{0x6129, 0xe2},
	{0x612a, 0xe8},
	{0x606f, 0x01},
	{0x6070, 0xe8},
	{0x60b2, 0x9b},
	{0x60b4, 0xe8},
	{0x60c2, 0x9b},
	{0x60c4, 0xe8},
	{0x60d2, 0x13},
	{0x60d4, 0x8e},
	{0x60d6, 0xe2},
	{0x60d8, 0xe8},
	{0x60e2, 0x13},
	{0x60e4, 0x8e},
	{0x60e6, 0xe2},
	{0x60e8, 0xe8},
	{0x3208, 0x1b},
	{0x3840, 0x08},
	{0x3854, 0x02},
	{0x3855, 0x34},
	{0x322f, 0x80},
	{0x4e01, 0x80},
	{0x4e10, 0x22},
	{0x4e11, 0x0c},
	{0x4e12, 0x00},
	{0x378c, 0xff},
	{0x378d, 0xff},
	{0x378e, 0xff},
	{0x378f, 0xff},
	{0x3790, 0x00},
	{0x3791, 0x80},
	{0x3792, 0x2b},
	{0x3793, 0x3c},
	{0x3794, 0x00},
	{0x3795, 0x80},
	{0x3796, 0x2b},
	{0x3797, 0x3c},
	{0x3798, 0x07},
	{0x37b0, 0xff},
	{0x37b1, 0xff},
	{0x37b2, 0xff},
	{0x37b3, 0xff},
	{0x3799, 0x00},
	{0x379d, 0x00},
	{0x379a, 0x12},
	{0x379e, 0x12},
	{0x379b, 0x16},
	{0x379f, 0x16},
	{0x379c, 0x1f},
	{0x37a0, 0x1f},
	{0x37a2, 0x00},
	{0x37a3, 0x00},
	{0x4e21, 0x00},
	{0x4e22, 0x00},
	{0x4e23, 0x00},
	{0x4e24, 0x00},
	{0x4e25, 0x00},
	{0x4e26, 0x00},
	{0x4e27, 0x00},
	{0x4e28, 0x00},
	{0x4e29, 0x08},
	{0x4e2b, 0x00},
	{0x4e2c, 0x00},
	{0x4e2e, 0x00},
	{0x4e2f, 0x00},
	{0x4001, 0x2f},
	{0x3630, 0xcb},
	{0x3744, 0x4f},
	{0x3745, 0x00},
	{0x3c04, 0x16},
	{0x3c05, 0x16},
	{0x3c06, 0x16},
	{0x3c07, 0x16},
	{0x3c08, 0x16},
	{0x3c09, 0x16},
	{0x3c0a, 0x16},
	{0x3c0b, 0x16},
	{0x3636, 0xb0},
	{0x3c38, 0x0f},
	{0x3607, 0x5f},
	{0x3904, 0x00},
	{0x3905, 0x0c},
	{0x382c, 0x22},
	{0x382d, 0x59},
	{0x3932, 0x00},
	{0x3933, 0x0c},
	{0x3c00, 0x99},
	{0x3c01, 0x99},
	{0x3c02, 0xff},
	{0x3c03, 0xff},
	{0x3c0c, 0x1f},
	{0x3c0d, 0x1f},
	{0x3c0e, 0x1f},
	{0x3c0f, 0x1f},
	{0x6690, 0xac},
	{0x6691, 0x0d},
	{0x6692, 0xfb},
	{0x6693, 0xb0},
	{0x6694, 0x00},
	{0x6695, 0x00},
	{0x669a, 0xa7},
	{0x669b, 0x11},
	{0x669c, 0xfb},
	{0x669d, 0xb2},
	{0x669e, 0x00},
	{0x669f, 0x00},
	{0x6708, 0xa7},
	{0x6709, 0xb2},
	{0x6658, 0xa7},
	{0x6659, 0xb2},
	{0x665e, 0xa7},
	{0x665f, 0xb2},
	{0x6506, 0x63},
	{0x6507, 0x24},
	{0x6508, 0x88},
	{0x6509, 0x86},
	{0x650a, 0xb6},
	{0x650b, 0xb4},
	{0x650c, 0xe0},
	{0x650d, 0xde},
	{0x662c, 0x53},
	{0x662d, 0x61},
	{0x6437, 0x63},
	{0x6438, 0xf6},
	{0x643a, 0x69},
	{0x643b, 0x5d},
	{0x643d, 0x75},
	{0x643e, 0x2b},
	{0x6440, 0x77},
	{0x6441, 0x2c},
	{0x6443, 0x82},
	{0x6444, 0x27},
	{0x6446, 0x84},
	{0x6447, 0x34},
	{0x6449, 0x86},
	{0x644a, 0xf6},
	{0x644c, 0x88},
	{0x644d, 0xf6},
	{0x644f, 0x8e},
	{0x6450, 0x5d},
	{0x6452, 0x9a},
	{0x6453, 0x5d},
	{0x6455, 0xac},
	{0x6456, 0x20},
	{0x6458, 0xae},
	{0x6459, 0xa4},
	{0x645a, 0x00},
	{0x645b, 0xb0},
	{0x645c, 0x94},
	{0x645e, 0xb2},
	{0x645f, 0x20},
	{0x6460, 0x00},
	{0x6461, 0xb4},
	{0x6462, 0xf6},
	{0x6463, 0x00},
	{0x6464, 0xb6},
	{0x6465, 0xf6},
	{0x6467, 0xbc},
	{0x6468, 0x5d},
	{0x6469, 0x00},
	{0x646a, 0xc8},
	{0x646b, 0x5d},
	{0x646d, 0xda},
	{0x646e, 0xc6},
	{0x6470, 0xdc},
	{0x6471, 0x94},
	{0x6472, 0x00},
	{0x6473, 0xde},
	{0x6474, 0xf6},
	{0x6475, 0x00},
	{0x6476, 0xe0},
	{0x6477, 0xf6},
	{0x6479, 0xe6},
	{0x647a, 0x5d},
	{0x647c, 0xf2},
	{0x647d, 0x5d},
	{0x647f, 0xf9},
	{0x6480, 0x2b},
	{0x6481, 0x01},
	{0x6482, 0xfb},
	{0x6483, 0xce},
	{0x66aa, 0xfb},
	{0x66ab, 0x5f},
	{0x66ac, 0x00},
	{0x66ad, 0x00},
	{0x66b2, 0xfb},
	{0x66b3, 0x5f},
	{0x66b4, 0x00},
	{0x66b5, 0x00},
	{0x66d8, 0x00},
	{0x66d9, 0x00},
	{0x66e4, 0x00},
	{0x66e5, 0x00},
	{0x66f0, 0x00},
	{0x66f1, 0x00},
	{0x66f6, 0x00},
	{0x66f7, 0x00},
	{0x5023, 0x03},
	{0x57b9, 0x01},
	{0x57ba, 0xff},
	{0x5075, 0x14},
	{0x5076, 0xcc},
	{0x3508, 0x08},
	{0x3509, 0x00},
	{0x3548, 0x01},
	{0x3549, 0x50},
	{0x5a02, 0x00},
	{0x5a03, 0x93},
	{0x578e, 0x70},
	{0x578f, 0x50},
	{0x5790, 0x30},
	{0x5791, 0x20},
	{0x5792, 0x20},
	{0x5793, 0x20},
	{0x5794, 0x60},
	{0x5795, 0x40},
	{0x5796, 0x20},
	{0x5797, 0x00},
	{0x5798, 0x00},
	{0x5799, 0x00},
	{0x579a, 0x00},
	{0x579b, 0x00},
	{0x579c, 0x00},
	{0x3646, 0x17},
	{0x3647, 0x17},
	{0x606f, 0x01},
	{0x6070, 0x00},
	{0x5074, 0xd0},
	{0x4001, 0x2f},
	{0x3b20, 0xff},
	{0x3b24, 0x00},
	{0x4e00, 0x0d},
	{0x4e00, 0x0d},
	{0x4e06, 0x08},
	{0x4e07, 0x01},
	{0x4e08, 0x02},
	{0x4e09, 0x03},
	{0x4e0a, 0x01},
	{0x4e20, 0x00},
	{0x4e23, 0x55},
	{0x4e24, 0x11},
	{0x4e25, 0x15},
	{0x4e26, 0x54},
	{0x4e2a, 0x55},
	{0x4e2b, 0x55},
	{0x4e2c, 0x15},
	{0x4e2d, 0x50},
	{0x4e2e, 0x00},
	{0x4e21, 0x00},
	{0x4e22, 0x00},
	{0x4e27, 0x00},
	{0x4e28, 0x00},
	{0x4e29, 0x08},
	{0x3744, 0x28},
	{0x640f, 0x01},
	{0x6410, 0x24},
	{0x6411, 0xf3},
	{0x641e, 0x01},
	{0x641f, 0x3e},
	{0x6420, 0xf3},
	{0x6433, 0x02},
	{0x6434, 0x61},
	{0x6435, 0xc0},
	{0x6448, 0x02},
	{0x6449, 0x86},
	{0x644a, 0xc0},
	{0x6460, 0x02},
	{0x6461, 0xb4},
	{0x6462, 0xc0},
	{0x6472, 0x02},
	{0x6473, 0xde},
	{0x6474, 0xc0},
	{0x64fc, 0x00},
	{0x64fd, 0x01},
	{0x382c, 0x28},
	{0x3790, 0xc0},
	{0x3794, 0xc0},
	{0x3791, 0xa0},
	{0x3795, 0xa0},
	{0x362a, 0x44},
	{0x362e, 0x2c},
	{0x362b, 0x44},
	{0x362d, 0x28},
	{REG_NULL, 0x00},
};

static const struct regval og02c10_linear10bit_1600x1200_regs[] = {
	{0x0103, 0x01},
	{0x0100, 0x00},
	{0x3107, 0x03},
	{0x602d, 0x00},
	{0x602e, 0x01},
	{0x602f, 0x00},
	{0x6030, 0x00},
	{0x6031, 0x00},
	{0x6032, 0x00},
	{0x6033, 0x00},
	{0x6034, 0x00},
	{0x6055, 0x00},
	{0x6056, 0x00},
	{0x6057, 0x00},
	{0x6058, 0x00},
	{0x6059, 0x00},
	{0x605a, 0x00},
	{0x605b, 0x00},
	{0x605c, 0x00},
	{0x60d5, 0x00},
	{0x60d6, 0xe2},
	{0x60d7, 0x00},
	{0x60d8, 0xe8},
	{0x60dd, 0x01},
	{0x60de, 0xe2},
	{0x60df, 0x01},
	{0x60e0, 0xe8},
	{0x60e5, 0x00},
	{0x60e6, 0xe2},
	{0x60e7, 0x00},
	{0x60e8, 0xe8},
	{0x60ed, 0x01},
	{0x60ee, 0xe2},
	{0x60ef, 0x01},
	{0x60f0, 0xe8},
	{0x6101, 0x00},
	{0x6102, 0x00},
	{0x6103, 0x00},
	{0x6104, 0x00},
	{0x6105, 0x00},
	{0x6106, 0x00},
	{0x6107, 0x00},
	{0x6108, 0x00},
	{0x6109, 0x00},
	{0x610a, 0xe8},
	{0x610b, 0x00},
	{0x610c, 0x08},
	{0x610d, 0x01},
	{0x610e, 0xe8},
	{0x610f, 0x01},
	{0x6110, 0x08},
	{0x6111, 0x00},
	{0x6112, 0x00},
	{0x6113, 0x00},
	{0x6114, 0x00},
	{0x6115, 0x00},
	{0x6116, 0x00},
	{0x6117, 0x00},
	{0x6118, 0x00},
	{0x6125, 0x08},
	{0x6126, 0x10},
	{0x6127, 0x8f},
	{0x6128, 0x98},
	{0x6129, 0x00},
	{0x612a, 0x00},
	{0x612b, 0x00},
	{0x612c, 0x00},
	{0x612d, 0x00},
	{0x612e, 0x00},
	{0x6134, 0x28},
	{0x6400, 0x02},
	{0x6401, 0x1e},
	{0x6402, 0xf7},
	{0x6403, 0x02},
	{0x6404, 0x28},
	{0x6405, 0xd9},
	{0x6406, 0x00},
	{0x6407, 0x2c},
	{0x6408, 0x62},
	{0x6409, 0x00},
	{0x640a, 0x2e},
	{0x640b, 0x30},
	{0x640d, 0x30},
	{0x640e, 0x30},
	{0x6410, 0x32},
	{0x6413, 0x34},
	{0x6414, 0xf3},
	{0x6416, 0x3b},
	{0x6417, 0x5d},
	{0x6419, 0x47},
	{0x641a, 0x5d},
	{0x641c, 0x4e},
	{0x641d, 0xc4},
	{0x641f, 0x51},
	{0x6420, 0x2d},
	{0x6422, 0x53},
	{0x6423, 0x33},
	{0x6425, 0x55},
	{0x6426, 0x30},
	{0x6428, 0x57},
	{0x6429, 0x30},
	{0x642b, 0x59},
	{0x642c, 0x52},
	{0x642e, 0x5b},
	{0x642f, 0xf6},
	{0x6431, 0x63},
	{0x6432, 0x5d},
	{0x6434, 0x7a},
	{0x6435, 0x52},
	{0x6437, 0x96},
	{0x6438, 0x8a},
	{0x643a, 0x98},
	{0x643b, 0x94},
	{0x643d, 0x9a},
	{0x643e, 0x52},
	{0x643f, 0x04},
	{0x6440, 0x9c},
	{0x6441, 0xb4},
	{0x6443, 0xb0},
	{0x6444, 0x5d},
	{0x6446, 0xbc},
	{0x6447, 0x5d},
	{0x6448, 0x03},
	{0x6449, 0xe2},
	{0x644a, 0xd3},
	{0x644c, 0x00},
	{0x644d, 0x00},
	{0x644f, 0x00},
	{0x6450, 0x00},
	{0x6452, 0x00},
	{0x6453, 0x00},
	{0x6455, 0x00},
	{0x6456, 0x00},
	{0x6458, 0x00},
	{0x6459, 0x00},
	{0x645b, 0x00},
	{0x645c, 0x00},
	{0x645e, 0x00},
	{0x645f, 0x00},
	{0x6461, 0x00},
	{0x6462, 0x00},
	{0x6464, 0x00},
	{0x6465, 0x00},
	{0x6467, 0x00},
	{0x6468, 0x00},
	{0x646a, 0x00},
	{0x646b, 0x00},
	{0x646d, 0x00},
	{0x646e, 0x00},
	{0x646f, 0x00},
	{0x6470, 0x00},
	{0x6471, 0x00},
	{0x6473, 0x00},
	{0x6474, 0x00},
	{0x6476, 0x00},
	{0x6477, 0x00},
	{0x6478, 0x00},
	{0x6479, 0x00},
	{0x647a, 0x00},
	{0x64f0, 0x26},
	{0x64f1, 0xe2},
	{0x64fc, 0x25},
	{0x64fd, 0xe2},
	{0x64fe, 0x00},
	{0x64ff, 0x00},
	{0x6506, 0xe2},
	{0x6507, 0x28},
	{0x650e, 0x26},
	{0x650f, 0xe2},
	{0x6510, 0x26},
	{0x6511, 0xe2},
	{0x6514, 0x00},
	{0x6515, 0x00},
	{0x6516, 0x00},
	{0x6517, 0x00},
	{0x6518, 0x00},
	{0x6519, 0x00},
	{0x651a, 0x00},
	{0x651b, 0x00},
	{0x651c, 0x00},
	{0x651d, 0x00},
	{0x651e, 0x00},
	{0x651f, 0x00},
	{0x6520, 0x00},
	{0x6521, 0x00},
	{0x6522, 0x00},
	{0x6523, 0x00},
	{0x6524, 0x00},
	{0x6525, 0x00},
	{0x6526, 0x00},
	{0x6527, 0x00},
	{0x6528, 0x00},
	{0x6529, 0x00},
	{0x652c, 0x00},
	{0x652d, 0x00},
	{0x652e, 0x00},
	{0x652f, 0x00},
	{0x6530, 0x00},
	{0x6531, 0x00},
	{0x6534, 0x34},
	{0x6535, 0x42},
	{0x6536, 0x9c},
	{0x6537, 0xb7},
	{0x6538, 0x00},
	{0x6539, 0x00},
	{0x653a, 0x34},
	{0x653b, 0x42},
	{0x653c, 0x9c},
	{0x653d, 0xb7},
	{0x653e, 0x00},
	{0x653f, 0x00},
	{0x6540, 0x34},
	{0x6541, 0x42},
	{0x6542, 0x5b},
	{0x6543, 0x6a},
	{0x6544, 0x00},
	{0x6545, 0x00},
	{0x6546, 0x34},
	{0x6547, 0x42},
	{0x6548, 0x5b},
	{0x6549, 0x6a},
	{0x654a, 0x00},
	{0x654b, 0x00},
	{0x654c, 0x53},
	{0x654d, 0xe2},
	{0x6560, 0x00},
	{0x6561, 0x00},
	{0x6564, 0x00},
	{0x6565, 0x00},
	{0x6566, 0x00},
	{0x6567, 0x00},
	{0x6570, 0x00},
	{0x6571, 0x00},
	{0x6572, 0x00},
	{0x6573, 0x00},
	{0x6574, 0x00},
	{0x6575, 0x00},
	{0x6576, 0x00},
	{0x6577, 0x00},
	{0x657c, 0x49},
	{0x657d, 0x3b},
	{0x657e, 0x9c},
	{0x657f, 0x63},
	{0x6580, 0xe2},
	{0x6581, 0xb0},
	{0x6582, 0x00},
	{0x6583, 0x00},
	{0x6588, 0x34},
	{0x6589, 0x49},
	{0x658a, 0x9c},
	{0x658b, 0xbe},
	{0x658c, 0x00},
	{0x658d, 0x00},
	{0x658e, 0x34},
	{0x658f, 0x49},
	{0x6590, 0x9c},
	{0x6591, 0xbe},
	{0x6592, 0x00},
	{0x6593, 0x00},
	{0x6594, 0x34},
	{0x6595, 0x49},
	{0x6596, 0x5b},
	{0x6597, 0x7c},
	{0x6598, 0x00},
	{0x6599, 0x00},
	{0x659a, 0x34},
	{0x659b, 0x49},
	{0x659c, 0x5b},
	{0x659d, 0x7c},
	{0x659e, 0x00},
	{0x659f, 0x00},
	{0x65a0, 0x34},
	{0x65a1, 0x42},
	{0x65a2, 0x5b},
	{0x65a3, 0x6a},
	{0x65a4, 0x9c},
	{0x65a5, 0xb7},
	{0x65ac, 0x42},
	{0x65ad, 0x49},
	{0x65ae, 0x6a},
	{0x65af, 0x7c},
	{0x65b0, 0xb7},
	{0x65b1, 0xbe},
	{0x65b2, 0x00},
	{0x65b3, 0x00},
	{0x65ba, 0x3d},
	{0x65bb, 0x4e},
	{0x65bc, 0x65},
	{0x65bd, 0x81},
	{0x65be, 0xb2},
	{0x65bf, 0xc3},
	{0x65c0, 0x00},
	{0x65c1, 0x00},
	{0x65c8, 0x3b},
	{0x65c9, 0x42},
	{0x65ca, 0x63},
	{0x65cb, 0x6a},
	{0x65cc, 0xb0},
	{0x65cd, 0xb7},
	{0x65d6, 0x36},
	{0x65d7, 0x47},
	{0x65d8, 0x5e},
	{0x65d9, 0x6f},
	{0x65da, 0xab},
	{0x65db, 0xbc},
	{0x65e6, 0x26},
	{0x65e7, 0xe2},
	{0x65e8, 0x00},
	{0x65e9, 0x00},
	{0x65f8, 0x00},
	{0x65f9, 0x00},
	{0x6608, 0x2c},
	{0x6609, 0xe2},
	{0x6618, 0x2c},
	{0x6619, 0xe2},
	{0x6628, 0x22},
	{0x6629, 0x23},
	{0x662a, 0xe1},
	{0x662b, 0xe2},
	{0x662c, 0x00},
	{0x662d, 0x00},
	{0x663e, 0x51},
	{0x663f, 0x7a},
	{0x6640, 0x7a},
	{0x6641, 0xce},
	{0x6644, 0x00},
	{0x6645, 0x00},
	{0x6680, 0x25},
	{0x6681, 0xe2},
	{0x6682, 0x25},
	{0x6683, 0xe2},
	{0x6690, 0x96},
	{0x6691, 0x17},
	{0x6692, 0xe2},
	{0x6693, 0x98},
	{0x669a, 0x91},
	{0x669b, 0x1b},
	{0x669c, 0xdd},
	{0x669d, 0x9a},
	{0x66a8, 0x1e},
	{0x66a9, 0x0c},
	{0x66aa, 0x49},
	{0x66ab, 0x2e},
	{0x66ac, 0xe2},
	{0x66ad, 0x55},
	{0x66b0, 0x1e},
	{0x66b1, 0x0c},
	{0x66b2, 0x49},
	{0x66b3, 0x2e},
	{0x66b4, 0xe2},
	{0x66b5, 0x55},
	{0x66b8, 0x00},
	{0x66b9, 0x00},
	{0x66ba, 0x00},
	{0x66bb, 0x00},
	{0x66c0, 0x00},
	{0x66c1, 0x00},
	{0x66c2, 0x00},
	{0x66c3, 0x00},
	{0x66d8, 0x30},
	{0x66d9, 0x49},
	{0x66da, 0x57},
	{0x66db, 0xe2},
	{0x66dc, 0x00},
	{0x66dd, 0x00},
	{0x66e4, 0x91},
	{0x66e5, 0x98},
	{0x66e6, 0x00},
	{0x66e7, 0x00},
	{0x66e8, 0x00},
	{0x66e9, 0x00},
	{0x66ea, 0x00},
	{0x66eb, 0x00},
	{0x66f0, 0x49},
	{0x66f1, 0x32},
	{0x66f2, 0xe2},
	{0x66f3, 0x59},
	{0x66fc, 0x00},
	{0x66fd, 0x00},
	{0x4e11, 0x1d},
	{0x4e11, 0x1d},
	{0x0304, 0x01},
	{0x0305, 0x77},
	{0x0306, 0x04},
	{0x0307, 0x00},
	{0x030b, 0x00},
	{0x0317, 0x01},
	{0x0318, 0x00},
	{0x0324, 0x01},
	{0x0325, 0x50},
	{0x0326, 0x0d},
	{0x0327, 0x06},
	{0x0328, 0x00},
	{0x0329, 0x01},
	{0x032a, 0x00},
	{0x032b, 0x08},
	{0x032c, 0x02},
	{0x3012, 0x11},
	{0x3018, 0xf0},
	{0x301e, 0xd0},
	{0x3304, 0x50},
	{0x3400, 0x00},
	{0x3408, 0x05},
	{0x3500, 0x00},
	{0x3501, 0x00},
	{0x3502, 0x40},
	{0x3504, 0x08},
	{0x3506, 0x00},
	{0x3507, 0x00},
	{0x3508, 0x08},
	{0x3509, 0x00},
	{0x350d, 0x00},
	{0x350e, 0x00},
	{0x3540, 0x00},
	{0x3541, 0x00},
	{0x3542, 0x40},
	{0x3544, 0x08},
	{0x3546, 0x00},
	{0x3547, 0x00},
	{0x3548, 0x08},
	{0x3549, 0x00},
	{0x354d, 0x00},
	{0x354e, 0x00},
	{0x3581, 0x00},
	{0x3582, 0x04},
	{0x3588, 0x01},
	{0x3589, 0x00},
	{0x3600, 0x00},
	{0x3601, 0x80},
	{0x3603, 0x00},
	{0x3604, 0x00},
	{0x3605, 0x50},
	{0x3607, 0x59},
	{0x3611, 0x40},
	{0x3617, 0x0a},
	{0x361a, 0x19},
	{0x361f, 0x47},
	{0x3620, 0x00},
	{0x3621, 0x00},
	{0x362a, 0x88},
	{0x362d, 0x2f},
	{0x362e, 0x3c},
	{0x3630, 0xcb},
	{0x3636, 0xf0},
	{0x3637, 0x08},
	{0x3641, 0x17},
	{0x3642, 0x17},
	{0x3646, 0x18},
	{0x3647, 0x18},
	{0x3648, 0x08},
	{0x3649, 0x40},
	{0x365b, 0x00},
	{0x3660, 0x02},
	{0x3661, 0x07},
	{0x3663, 0x24},
	{0x3671, 0x80},
	{0x3678, 0x00},
	{0x3679, 0x00},
	{0x367c, 0x48},
	{0x3688, 0x11},
	{0x3689, 0x00},
	{0x368a, 0x00},
	{0x368b, 0x83},
	{0x3693, 0x0c},
	{0x36c0, 0x00},
	{0x36c6, 0x00},
	{0x36c9, 0x00},
	{0x36ca, 0x00},
	{0x36cb, 0x00},
	{0x36cc, 0x00},
	{0x36cd, 0x00},
	{0x36ce, 0x00},
	{0x36cf, 0x00},
	{0x36d0, 0x00},
	{0x36d3, 0x00},
	{0x36d4, 0x00},
	{0x36d5, 0x00},
	{0x36d6, 0x00},
	{0x36d7, 0x00},
	{0x36d8, 0x00},
	{0x36d9, 0x00},
	{0x36da, 0x00},
	{0x36db, 0x00},
	{0x3700, 0x84},
	{0x371b, 0x02},
	{0x371c, 0x68},
	{0x37a4, 0x12},
	{0x371f, 0x03},
	{0x373d, 0x10},
	{0x3744, 0x1f},
	{0x3745, 0x10},
	{0x3747, 0x0a},
	{0x3748, 0x0a},
	{0x374b, 0x00},
	{0x374c, 0x0c},
	{0x374d, 0x0d},
	{0x3790, 0x10},
	{0x3792, 0x00},
	{0x3796, 0x00},
	{0x37a6, 0x01},
	{0x37bb, 0x88},
	{0x37be, 0x01},
	{0x37bf, 0x01},
	{0x37c0, 0x00},
	{0x37ca, 0x21},
	{0x37cf, 0x02},
	{0x37d0, 0x00},
	{0x37d1, 0x2d},
	{0x37d2, 0x00},
	{0x37d3, 0x42},
	{0x37d4, 0x00},
	{0x37d5, 0x2d},
	{0x37d6, 0x00},
	{0x37d7, 0x42},
	{0x3800, 0x00},
	{0x3801, 0x00},
	{0x3802, 0x00},
	{0x3803, 0x00},
	{0x3804, 0x06},
	{0x3805, 0x6f},
	{0x3806, 0x04},
	{0x3807, 0xff},
	{0x3808, 0x06},
	{0x3809, 0x40},
	{0x380a, 0x04},
	{0x380b, 0xb0},
	{0x380c, 0x04},
	{0x380d, 0xa8},
	{0x380e, 0x0a},
	{0x380f, 0x60},
	{0x3810, 0x00},
	{0x3811, 0x18},
	{0x3812, 0x00},
	{0x3813, 0x28},
	{0x3814, 0x11},
	{0x3815, 0x11},
	{0x3820, 0x80},
	{0x3821, 0x00},
	{0x3822, 0x0c},
	{0x382c, 0x17},
	{0x382d, 0x80},
	{0x384b, 0x00},
	{0x384c, 0x02},
	{0x384d, 0xd2},
	{0x384e, 0x00},
	{0x384f, 0x00},
	{0x3850, 0x00},
	{0x3851, 0x00},
	{0x3852, 0x00},
	{0x385e, 0x00},
	{0x385f, 0x00},
	{0x3860, 0x00},
	{0x3861, 0x00},
	{0x3862, 0x00},
	{0x3863, 0x00},
	{0x3864, 0x00},
	{0x3865, 0x02},
	{0x3869, 0x00},
	{0x386b, 0x50},
	{0x388a, 0x00},
	{0x388b, 0x00},
	{0x3898, 0x07},
	{0x3902, 0x01},
	{0x3903, 0xc0},
	{0x3a00, 0x00},
	{0x3a01, 0x00},
	{0x3a02, 0x00},
	{0x3a03, 0x00},
	{0x3a04, 0x00},
	{0x3a05, 0x00},
	{0x3a06, 0x00},
	{0x3a07, 0x00},
	{0x3a08, 0x00},
	{0x3a09, 0x00},
	{0x3a0a, 0x00},
	{0x3a0b, 0x00},
	{0x3a0c, 0x00},
	{0x3a0d, 0x00},
	{0x3a0e, 0x00},
	{0x3a0f, 0x00},
	{0x3a10, 0x00},
	{0x3a11, 0x00},
	{0x3a12, 0x00},
	{0x3a13, 0x00},
	{0x3a14, 0x00},
	{0x3a15, 0x00},
	{0x3a16, 0x00},
	{0x3a17, 0x00},
	{0x3a18, 0x00},
	{0x3a19, 0x00},
	{0x3a1a, 0x00},
	{0x3a1b, 0x00},
	{0x3a1c, 0x00},
	{0x3a1d, 0x00},
	{0x3a1e, 0x00},
	{0x3a1f, 0x00},
	{0x3a20, 0x00},
	{0x3a21, 0x00},
	{0x3a22, 0x04},
	{0x3a27, 0x00},
	{0x3a28, 0x00},
	{0x3a2b, 0x20},
	{0x3c00, 0x99},
	{0x3c01, 0x99},
	{0x3c02, 0x55},
	{0x3c03, 0x55},
	{0x3c04, 0x18},
	{0x3c05, 0x18},
	{0x3c06, 0x18},
	{0x3c07, 0x18},
	{0x3c08, 0x18},
	{0x3c09, 0x18},
	{0x3c0a, 0x18},
	{0x3c0b, 0x18},
	{0x3c0c, 0x00},
	{0x3c0d, 0x00},
	{0x3c0e, 0x00},
	{0x3c0f, 0x00},
	{0x3c10, 0x0d},
	{0x3c11, 0x0d},
	{0x3c12, 0x0d},
	{0x3c13, 0x0d},
	{0x3c14, 0x12},
	{0x3c15, 0x12},
	{0x3c16, 0x12},
	{0x3c17, 0x12},
	{0x3c19, 0x44},
	{0x3c1b, 0x44},
	{0x3c1c, 0x72},
	{0x3c1e, 0xf8},
	{0x3c20, 0x00},
	{0x3c21, 0x99},
	{0x3c22, 0x99},
	{0x3c25, 0x00},
	{0x3c26, 0x9b},
	{0x3c27, 0xbc},
	{0x3c28, 0x00},
	{0x3c29, 0x00},
	{0x3c2f, 0x00},
	{0x3c30, 0x17},
	{0x3c31, 0x17},
	{0x3c32, 0x17},
	{0x3c33, 0x17},
	{0x3c34, 0x28},
	{0x3c35, 0x28},
	{0x3c36, 0x28},
	{0x3c37, 0x28},
	{0x3c49, 0x00},
	{0x3c4a, 0x9a},
	{0x3c4c, 0x00},
	{0x3c4d, 0x00},
	{0x3c4e, 0x00},
	{0x3c50, 0x00},
	{0x3c51, 0x00},
	{0x3c52, 0x00},
	{0x3c67, 0x90},
	{0x3c69, 0x90},
	{0x3c6b, 0x52},
	{0x3c6d, 0x52},
	{0x3c70, 0x00},
	{0x3c71, 0x04},
	{0x3c73, 0x52},
	{0x3c75, 0x52},
	{0x3c79, 0x00},
	{0x3c7a, 0x00},
	{0x3c7b, 0x00},
	{0x3cb6, 0x41},
	{0x3cb9, 0x00},
	{0x3cc2, 0x90},
	{0x3cc8, 0xb6},
	{0x4000, 0xf9},
	{0x4001, 0x2b},
	{0x4004, 0x00},
	{0x4005, 0x40},
	{0x4006, 0x00},
	{0x4007, 0x10},
	{0x4008, 0x00},
	{0x4009, 0x11},
	{0x400a, 0x02},
	{0x400b, 0x00},
	{0x400c, 0x00},
	{0x400d, 0x10},
	{0x400e, 0x05},
	{0x400f, 0xf1},
	{0x4010, 0x00},
	{0x4011, 0x00},
	{0x4012, 0x08},
	{0x4013, 0x02},
	{0x4014, 0x02},
	{0x4016, 0x00},
	{0x4017, 0x04},
	{0x4019, 0x04},
	{0x401a, 0x40},
	{0x4025, 0x00},
	{0x4026, 0x00},
	{0x4028, 0x4f},
	{0x4029, 0x01},
	{0x402a, 0x00},
	{0x402b, 0x00},
	{0x402c, 0x00},
	{0x402d, 0x00},
	{0x402e, 0x00},
	{0x402f, 0x40},
	{0x4032, 0x1f},
	{0x4033, 0x00},
	{0x4034, 0x00},
	{0x4035, 0x80},
	{0x4036, 0x00},
	{0x4037, 0x80},
	{0x4038, 0x00},
	{0x4039, 0x80},
	{0x403a, 0x00},
	{0x403b, 0x80},
	{0x4040, 0x00},
	{0x4041, 0x00},
	{0x4042, 0x00},
	{0x4043, 0x00},
	{0x4044, 0x00},
	{0x4045, 0x00},
	{0x4046, 0x00},
	{0x4047, 0x00},
	{0x4048, 0x00},
	{0x4049, 0x00},
	{0x404a, 0x00},
	{0x404b, 0x00},
	{0x404c, 0x00},
	{0x404d, 0x00},
	{0x404e, 0x00},
	{0x404f, 0x00},
	{0x4050, 0x08},
	{0x4051, 0x0f},
	{0x4052, 0x00},
	{0x4053, 0x4e},
	{0x4054, 0x00},
	{0x4055, 0x4e},
	{0x4056, 0x00},
	{0x4057, 0x4e},
	{0x4058, 0x00},
	{0x4059, 0x4e},
	{0x405b, 0x30},
	{0x405c, 0x20},
	{0x405d, 0x00},
	{0x405e, 0x00},
	{0x4065, 0x00},
	{0x4066, 0x02},
	{0x406e, 0x00},
	{0x406f, 0x00},
	{0x40a0, 0x00},
	{0x40a1, 0x00},
	{0x40a2, 0x00},
	{0x40a3, 0x00},
	{0x40a4, 0x00},
	{0x40a5, 0x00},
	{0x40a6, 0x00},
	{0x40a7, 0x00},
	{0x40bc, 0x00},
	{0x4288, 0xcf},
	{0x4289, 0x00},
	{0x428a, 0x40},
	{0x42a0, 0x00},
	{0x42a1, 0x02},
	{0x42a2, 0x00},
	{0x42a3, 0x00},
	{0x42a4, 0x00},
	{0x42a5, 0x00},
	{0x42a6, 0x00},
	{0x42a7, 0x00},
	{0x42a8, 0x00},
	{0x42a9, 0x00},
	{0x42aa, 0x00},
	{0x42ab, 0x00},
	{0x42ac, 0x00},
	{0x42ad, 0x00},
	{0x42ae, 0x00},
	{0x42af, 0x00},
	{0x42b0, 0x00},
	{0x42b1, 0x00},
	{0x42b2, 0x00},
	{0x42b3, 0x00},
	{0x42b4, 0x00},
	{0x42b5, 0x00},
	{0x42b6, 0x00},
	{0x42b7, 0x00},
	{0x42b8, 0x00},
	{0x42b9, 0x00},
	{0x42ba, 0x00},
	{0x42bb, 0x00},
	{0x42bc, 0x00},
	{0x42bd, 0x00},
	{0x42be, 0x00},
	{0x42bf, 0x00},
	{0x42c0, 0x00},
	{0x42c1, 0x00},
	{0x42d0, 0x00},
	{0x42d1, 0x00},
	{0x42d2, 0x00},
	{0x42d3, 0x00},
	{0x42d4, 0x00},
	{0x42d5, 0x00},
	{0x42d6, 0x00},
	{0x42d7, 0x00},
	{0x42d8, 0x00},
	{0x42d9, 0x00},
	{0x42da, 0x00},
	{0x42db, 0x00},
	{0x42dc, 0x00},
	{0x42dd, 0x00},
	{0x42de, 0x00},
	{0x42df, 0x00},
	{0x42e0, 0x00},
	{0x42e1, 0x00},
	{0x42e2, 0x00},
	{0x42e3, 0x00},
	{0x42e4, 0x00},
	{0x42e5, 0x00},
	{0x42e6, 0x00},
	{0x42e7, 0x00},
	{0x42e8, 0x00},
	{0x42e9, 0x00},
	{0x42ea, 0x00},
	{0x42eb, 0x00},
	{0x42ec, 0x00},
	{0x42ed, 0x00},
	{0x42ee, 0x00},
	{0x42ef, 0x00},
	{0x42f0, 0x00},
	{0x42f1, 0x00},
	{0x438b, 0x03},
	{0x438c, 0xff},
	{0x4394, 0x00},
	{0x450b, 0x1b},
	{0x450e, 0x98},
	{0x450f, 0x81},
	{0x4510, 0x00},
	{0x4513, 0x00},
	{0x451a, 0x01},
	{0x451b, 0x00},
	{0x4604, 0x40},
	{0x460a, 0x00},
	{0x460b, 0x1d},
	{0x4642, 0x80},
	{0x4643, 0x80},
	{0x4644, 0x10},
	{0x4645, 0x10},
	{0x464a, 0x00},
	{0x464d, 0x01},
	{0x480e, 0x00},
	{0x4813, 0x00},
	{0x481b, 0x3e},
	{0x481f, 0x28},
	{0x4823, 0x40},
	{0x4829, 0x70},
	{0x4837, 0x0a},
	{0x484b, 0x07},
	{0x4850, 0x43},
	{0x4d00, 0x4c},
	{0x4d01, 0xef},
	{0x4d02, 0xba},
	{0x4d03, 0x0b},
	{0x4d04, 0x33},
	{0x4d05, 0xa4},
	{0x4d07, 0x30},
	{0x4d09, 0x0a},
	{0x4e27, 0x00},
	{0x4e28, 0x00},
	{0x4e2c, 0x05},
	{0x5000, 0x5d},
	{0x5002, 0x00},
	{0x5003, 0x40},
	{0x5004, 0x00},
	{0x5005, 0x40},
	{0x5006, 0x00},
	{0x5007, 0x01},
	{0x5023, 0x01},
	{0x5030, 0x10},
	{0x504b, 0x01},
	{0x5074, 0x90},
	{0x5075, 0x04},
	{0x5076, 0x00},
	{0x5077, 0x04},
	{0x5078, 0x00},
	{0x507a, 0xff},
	{0x507b, 0xff},
	{0x5080, 0x44},
	{0x50c0, 0x00},
	{0x5381, 0x0c},
	{0x53a3, 0x01},
	{0x5401, 0x0c},
	{0x5423, 0x01},
	{0x5380, 0x13},
	{0x5382, 0x05},
	{0x5383, 0x09},
	{0x5384, 0x0e},
	{0x5385, 0x11},
	{0x5386, 0x05},
	{0x5387, 0x09},
	{0x5388, 0x0e},
	{0x5389, 0x11},
	{0x53a4, 0x23},
	{0x53a5, 0x56},
	{0x53a6, 0x23},
	{0x53a7, 0x56},
	{0x5400, 0x13},
	{0x5402, 0x04},
	{0x5403, 0x08},
	{0x5404, 0x0c},
	{0x5405, 0x0c},
	{0x5406, 0x04},
	{0x5407, 0x08},
	{0x5408, 0x0c},
	{0x5409, 0x0c},
	{0x5781, 0x58},
	{0x57a4, 0x00},
	{0x57a5, 0x80},
	{0x57a6, 0x1f},
	{0x57a7, 0xff},
	{0x57a8, 0x00},
	{0x57a9, 0x80},
	{0x57aa, 0x0e},
	{0x57ab, 0xe0},
	{0x57ba, 0x10},
	{0x57bc, 0x08},
	{0x57bd, 0x00},
	{0x57be, 0x09},
	{0x57bf, 0xd8},
	{0x57c0, 0x0c},
	{0x57c1, 0x20},
	{0x57c2, 0x01},
	{0x57c3, 0x00},
	{0x57c4, 0x04},
	{0x57c5, 0x00},
	{0x57c6, 0x08},
	{0x57c7, 0x00},
	{0x5800, 0x28},
	{0x5801, 0x0c},
	{0x5802, 0x08},
	{0x5803, 0x08},
	{0x5804, 0x09},
	{0x5805, 0x0a},
	{0x5806, 0x0b},
	{0x5807, 0x0c},
	{0x5808, 0x0d},
	{0x5809, 0x0e},
	{0x580a, 0x0f},
	{0x5826, 0x01},
	{0x5827, 0x00},
	{0x582a, 0x00},
	{0x582b, 0x80},
	{0x582e, 0x00},
	{0x582f, 0x80},
	{0x5832, 0x01},
	{0x5833, 0x00},
	{0x5836, 0x01},
	{0x5837, 0x00},
	{0x583a, 0x02},
	{0x583b, 0x00},
	{0x583e, 0x02},
	{0x583f, 0x00},
	{0x5842, 0x04},
	{0x5843, 0x00},
	{0x5846, 0x03},
	{0x5847, 0xff},
	{0x5847, 0xff},
	{0x5a02, 0x04},
	{0x5a03, 0x00},
	{0x3d8c, 0x73},
	{0x3d8d, 0xb0},
	{0x5200, 0x00},
	{0x5201, 0x10},
	{0x5202, 0x03},
	{0x5203, 0x1f},
	{0x5240, 0x00},
	{0x5241, 0x10},
	{0x5242, 0x03},
	{0x5243, 0x1f},
	{0x3200, 0x00},
	{0x3201, 0x02},
	{0x3202, 0x04},
	{0x3203, 0x06},
	{0x3230, 0x0c},
	{0x3231, 0x12},
	{0x3232, 0x19},
	{0x3233, 0x1f},
	{0x3208, 0x00},
	{0x374b, 0x00},
	{0x386b, 0x50},
	{0x3c00, 0x99},
	{0x3c01, 0x99},
	{0x3c10, 0x0d},
	{0x3c11, 0x0d},
	{0x3c12, 0x0d},
	{0x3c13, 0x0d},
	{0x3c27, 0xaa},
	{0x3208, 0x10},
	{0x3208, 0x01},
	{0x374b, 0x01},
	{0x386b, 0x60},
	{0x3c00, 0xff},
	{0x3c01, 0xff},
	{0x3c14, 0x11},
	{0x3c15, 0x11},
	{0x3c16, 0x11},
	{0x3c17, 0x07},
	{0x3c27, 0xaa},
	{0x3208, 0x11},
	{0x390b, 0x33},
	{0x3239, 0xff},
	{0x323a, 0xff},
	{0x3901, 0x30},
	{0x399b, 0x33},
	{0x3208, 0x02},
	{0x301b, 0xb5},
	{0x3017, 0xf5},
	{0x301f, 0xe1},
	{0x3700, 0x94},
	{0x3869, 0x0c},
	{0x3669, 0x09},
	{0x371c, 0x62},
	{0x370e, 0x8c},
	{0x6408, 0x00},
	{0x640b, 0x00},
	{0x640e, 0x00},
	{0x6411, 0x18},
	{0x3878, 0x04},
	{0x387e, 0x81},
	{0x301b, 0xb4},
	{0x3017, 0xf0},
	{0x3016, 0xf0},
	{0x370f, 0x90},
	{0x3208, 0x12},
	{0x3208, 0x03},
	{0x301b, 0xb5},
	{0x3017, 0xf5},
	{0x301f, 0xe9},
	{0x3700, 0x84},
	{0x370f, 0x10},
	{0x3869, 0x00},
	{0x371c, 0x66},
	{0x370e, 0x00},
	{0x370e, 0xb0},
	{0x6408, 0x62},
	{0x640b, 0x95},
	{0x640e, 0x62},
	{0x6411, 0xbb},
	{0x3878, 0x00},
	{0x387e, 0x80},
	{0x3016, 0xf9},
	{0x301b, 0xb4},
	{0x3017, 0xf0},
	{0x3016, 0xf0},
	{0x3016, 0xf0},
	{0x3016, 0xf0},
	{0x3016, 0xf0},
	{0x3016, 0xf0},
	{0x3016, 0xf0},
	{0x301f, 0xe1},
	{0x3208, 0x13},
	{0x3208, 0x0c},
	{0x3733, 0x00},
	{0x3734, 0x00},
	{0x3737, 0x00},
	{0x3738, 0x00},
	{0x3739, 0x00},
	{0x6608, 0x92},
	{0x6609, 0xf4},
	{0x65e6, 0x26},
	{0x65e7, 0xfb},
	{0x6125, 0x08},
	{0x6126, 0x11},
	{0x6127, 0x8f},
	{0x6128, 0x99},
	{0x606f, 0x01},
	{0x6070, 0xe8},
	{0x60b2, 0x9b},
	{0x60b4, 0xe8},
	{0x60b6, 0x9b},
	{0x60b8, 0xe8},
	{0x60c2, 0x9b},
	{0x60c4, 0xe8},
	{0x60c6, 0x9b},
	{0x60c8, 0xe8},
	{0x60d2, 0x13},
	{0x60d4, 0x8e},
	{0x60d6, 0xe2},
	{0x60d8, 0xe8},
	{0x60da, 0x13},
	{0x60dc, 0x8e},
	{0x60de, 0xe2},
	{0x60e0, 0xe8},
	{0x60e2, 0x13},
	{0x60e4, 0x8e},
	{0x60e6, 0xe2},
	{0x60e8, 0xe8},
	{0x60ea, 0x13},
	{0x60ec, 0x8e},
	{0x60ee, 0xe2},
	{0x60f0, 0xe8},
	{0x3208, 0x1c},
	{0x3208, 0x0a},
	{0x3733, 0x09},
	{0x3737, 0x10},
	{0x3734, 0x00},
	{0x3738, 0x3c},
	{0x3739, 0x04},
	{0x6608, 0xf4},
	{0x6609, 0x92},
	{0x65e6, 0xfb},
	{0x65e7, 0x26},
	{0x6125, 0x11},
	{0x6126, 0x08},
	{0x6127, 0x99},
	{0x6128, 0x8f},
	{0x606f, 0xe8},
	{0x6070, 0x01},
	{0x60b2, 0xe8},
	{0x60b4, 0x9b},
	{0x60b6, 0xe8},
	{0x60b8, 0x9b},
	{0x60c2, 0xe8},
	{0x60c4, 0x9b},
	{0x60c6, 0xe8},
	{0x60c8, 0x9b},
	{0x60d2, 0x8e},
	{0x60d4, 0x13},
	{0x60d6, 0xe8},
	{0x60d8, 0xe2},
	{0x60da, 0x8e},
	{0x60dc, 0x13},
	{0x60de, 0xe8},
	{0x60e0, 0xe2},
	{0x60e2, 0x8e},
	{0x60e4, 0x13},
	{0x60e6, 0xe8},
	{0x60e8, 0xe2},
	{0x60ea, 0x8e},
	{0x60ec, 0x13},
	{0x60ee, 0xe8},
	{0x60f0, 0xe2},
	{0x3208, 0x1a},
	{0x3208, 0x0b},
	{0x3733, 0x00},
	{0x3734, 0x00},
	{0x3737, 0x00},
	{0x3738, 0x00},
	{0x3739, 0x00},
	{0x6608, 0x92},
	{0x6609, 0xf4},
	{0x65e6, 0x26},
	{0x65e7, 0xfb},
	{0x6125, 0x08},
	{0x6126, 0x10},
	{0x6127, 0x8f},
	{0x6128, 0x98},
	{0x606f, 0x01},
	{0x6070, 0xe8},
	{0x60b2, 0x9b},
	{0x60b4, 0xe8},
	{0x60b6, 0x9b},
	{0x60b8, 0xe8},
	{0x60c2, 0x9b},
	{0x60c4, 0xe8},
	{0x60c6, 0x9b},
	{0x60c8, 0xe8},
	{0x60d2, 0x13},
	{0x60d4, 0x8e},
	{0x60d6, 0xe2},
	{0x60d8, 0xe8},
	{0x60da, 0x13},
	{0x60dc, 0x8e},
	{0x60de, 0xe2},
	{0x60e0, 0xe8},
	{0x60e2, 0x13},
	{0x60e4, 0x8e},
	{0x60e6, 0xe2},
	{0x60e8, 0xe8},
	{0x60ea, 0x13},
	{0x60ec, 0x8e},
	{0x60ee, 0xe2},
	{0x60f0, 0xe8},
	{0x3208, 0x1b},
	{0x3840, 0x08},
	{0x3854, 0x02},
	{0x3855, 0x34},
	{0x322f, 0x80},
	{0x4e01, 0x80},
	{0x4e10, 0x22},
	{0x4e11, 0x0c},
	{0x4e12, 0x00},
	{0x378c, 0xff},
	{0x378d, 0xff},
	{0x378e, 0xff},
	{0x378f, 0xff},
	{0x3790, 0x00},
	{0x3791, 0x80},
	{0x3792, 0x2b},
	{0x3793, 0x3c},
	{0x3794, 0x00},
	{0x3795, 0x80},
	{0x3796, 0x2b},
	{0x3797, 0x3c},
	{0x3798, 0x07},
	{0x37b0, 0xff},
	{0x37b1, 0xff},
	{0x37b2, 0xff},
	{0x37b3, 0xff},
	{0x3799, 0x00},
	{0x379d, 0x00},
	{0x379a, 0x12},
	{0x379e, 0x12},
	{0x379b, 0x16},
	{0x379f, 0x16},
	{0x379c, 0x1f},
	{0x37a0, 0x1f},
	{0x37a2, 0x00},
	{0x37a3, 0x00},
	{0x4e21, 0x00},
	{0x4e22, 0x00},
	{0x4e23, 0x00},
	{0x4e24, 0x00},
	{0x4e25, 0x00},
	{0x4e26, 0x00},
	{0x4e27, 0x00},
	{0x4e28, 0x00},
	{0x4e29, 0x08},
	{0x4e2b, 0x00},
	{0x4e2c, 0x00},
	{0x4e2e, 0x00},
	{0x4e2f, 0x00},
	{0x4001, 0x2f},
	{0x3630, 0xcb},
	{0x3744, 0x40},
	{0x3c04, 0x16},
	{0x3c05, 0x16},
	{0x3c06, 0x16},
	{0x3c07, 0x16},
	{0x3c08, 0x16},
	{0x3c09, 0x16},
	{0x3c0a, 0x16},
	{0x3c0b, 0x16},
	{0x3636, 0xb0},
	{0x3c38, 0x0f},
	{0x3607, 0x5f},
	{0x388c, 0x00},
	{0x3904, 0x00},
	{0x3905, 0x0a},
	{0x382c, 0x22},
	{0x382d, 0x59},
	{0x3932, 0x00},
	{0x3933, 0x0a},
	{0x3c27, 0xaa},
	{0x3c26, 0x79},
	{0x362f, 0x09},
	{0x3617, 0x0f},
	{0x362c, 0x20},
	{0x3747, 0x0f},
	{0x3748, 0x0f},
	{0x6400, 0x02},
	{0x6401, 0x1e},
	{0x6402, 0xf7},
	{0x6404, 0x26},
	{0x6405, 0x48},
	{0x6406, 0x00},
	{0x6407, 0x28},
	{0x6408, 0x62},
	{0x6409, 0x01},
	{0x640a, 0x2a},
	{0x640b, 0x95},
	{0x640d, 0x5e},
	{0x640e, 0x62},
	{0x640f, 0x03},
	{0x6410, 0x92},
	{0x6411, 0xbb},
	{0x6412, 0x01},
	{0x6413, 0x96},
	{0x6414, 0xc4},
	{0x6416, 0x9e},
	{0x6417, 0x5d},
	{0x6419, 0xaa},
	{0x641a, 0x5d},
	{0x641b, 0x00},
	{0x641c, 0xb1},
	{0x641d, 0xc1},
	{0x641e, 0x03},
	{0x641f, 0xb3},
	{0x6420, 0xbb},
	{0x6421, 0x01},
	{0x6422, 0xb7},
	{0x6423, 0xc4},
	{0x6425, 0xbf},
	{0x6426, 0x5d},
	{0x6428, 0xcb},
	{0x6429, 0x5d},
	{0x642b, 0xd2},
	{0x642c, 0x8f},
	{0x642d, 0x00},
	{0x642e, 0xd4},
	{0x642f, 0x30},
	{0x6430, 0x01},
	{0x6431, 0xd6},
	{0x6432, 0x95},
	{0x6434, 0xd8},
	{0x6435, 0x62},
	{0x6436, 0x03},
	{0x6437, 0xda},
	{0x6438, 0xbb},
	{0x6439, 0x01},
	{0x643a, 0xde},
	{0x643b, 0xc4},
	{0x643d, 0xe6},
	{0x643e, 0x5d},
	{0x6440, 0xf2},
	{0x6441, 0x5d},
	{0x6443, 0xf9},
	{0x6444, 0xc1},
	{0x6446, 0xfb},
	{0x6447, 0xd4},
	{0x6449, 0x00},
	{0x644a, 0x00},
	{0x644c, 0x00},
	{0x644d, 0x00},
	{0x644f, 0x00},
	{0x6450, 0x00},
	{0x6452, 0x00},
	{0x6453, 0x00},
	{0x6455, 0x00},
	{0x6456, 0x00},
	{0x6458, 0x00},
	{0x6459, 0x00},
	{0x645b, 0x00},
	{0x645c, 0x00},
	{0x645e, 0x00},
	{0x645f, 0x00},
	{0x6461, 0x00},
	{0x6462, 0x00},
	{0x6464, 0x00},
	{0x6465, 0x00},
	{0x6467, 0x00},
	{0x6468, 0x00},
	{0x646a, 0x00},
	{0x646b, 0x00},
	{0x646d, 0x00},
	{0x646e, 0x00},
	{0x646f, 0x00},
	{0x6470, 0x00},
	{0x6471, 0x00},
	{0x6473, 0x00},
	{0x6474, 0x00},
	{0x6476, 0x00},
	{0x6477, 0x00},
	{0x6478, 0x00},
	{0x6479, 0x00},
	{0x647a, 0x00},
	{0x64f0, 0x26},
	{0x64f1, 0xfb},
	{0x64fc, 0x25},
	{0x64fd, 0xfb},
	{0x64fe, 0x00},
	{0x64ff, 0x00},
	{0x6506, 0x96},
	{0x6507, 0x2a},
	{0x6508, 0xb7},
	{0x6509, 0xac},
	{0x650a, 0xde},
	{0x650b, 0xcd},
	{0x650c, 0xfb},
	{0x650d, 0xf4},
	{0x650e, 0x26},
	{0x650f, 0xfb},
	{0x6510, 0x26},
	{0x6511, 0xfb},
	{0x6514, 0x00},
	{0x6515, 0x00},
	{0x6516, 0x00},
	{0x6517, 0x00},
	{0x6518, 0x00},
	{0x6519, 0x00},
	{0x651a, 0x00},
	{0x651b, 0x00},
	{0x651c, 0x00},
	{0x651d, 0x00},
	{0x651e, 0x00},
	{0x651f, 0x00},
	{0x6520, 0x00},
	{0x6521, 0x00},
	{0x6522, 0x00},
	{0x6523, 0x00},
	{0x6524, 0x00},
	{0x6525, 0x00},
	{0x6526, 0x00},
	{0x6527, 0x00},
	{0x6528, 0x00},
	{0x6529, 0x00},
	{0x652c, 0x00},
	{0x652d, 0x00},
	{0x652e, 0x00},
	{0x652f, 0x00},
	{0x6530, 0x00},
	{0x6531, 0x00},
	{0x6534, 0x92},
	{0x6535, 0xa5},
	{0x6536, 0xda},
	{0x6537, 0xed},
	{0x6538, 0x00},
	{0x6539, 0x00},
	{0x653a, 0x92},
	{0x653b, 0xa5},
	{0x653c, 0xda},
	{0x653d, 0xed},
	{0x653e, 0x00},
	{0x653f, 0x00},
	{0x6540, 0x92},
	{0x6541, 0xa5},
	{0x6542, 0xb3},
	{0x6543, 0xc6},
	{0x6544, 0x00},
	{0x6545, 0x00},
	{0x6546, 0x92},
	{0x6547, 0xa5},
	{0x6548, 0xb3},
	{0x6549, 0xc6},
	{0x654a, 0x00},
	{0x654b, 0x00},
	{0x654c, 0x28},
	{0x654d, 0xfb},
	{0x6564, 0x00},
	{0x6565, 0x00},
	{0x6566, 0x00},
	{0x6567, 0x00},
	{0x6570, 0x00},
	{0x6571, 0x00},
	{0x6572, 0x00},
	{0x6573, 0x00},
	{0x6574, 0x00},
	{0x6575, 0x00},
	{0x6576, 0x00},
	{0x6577, 0x00},
	{0x657c, 0xb3},
	{0x657d, 0x9e},
	{0x657e, 0xda},
	{0x657f, 0xbf},
	{0x6580, 0xfb},
	{0x6581, 0xe6},
	{0x6582, 0x00},
	{0x6583, 0x00},
	{0x6588, 0x92},
	{0x6589, 0xac},
	{0x658a, 0xda},
	{0x658b, 0xf4},
	{0x658c, 0x00},
	{0x658d, 0x00},
	{0x658e, 0x92},
	{0x658f, 0xac},
	{0x6590, 0xda},
	{0x6591, 0xf4},
	{0x6592, 0x00},
	{0x6593, 0x00},
	{0x6594, 0x92},
	{0x6595, 0xac},
	{0x6596, 0xb3},
	{0x6597, 0xcd},
	{0x6598, 0x00},
	{0x6599, 0x00},
	{0x659a, 0x92},
	{0x659b, 0xac},
	{0x659c, 0xb3},
	{0x659d, 0xcd},
	{0x659e, 0x00},
	{0x659f, 0x00},
	{0x65a0, 0x92},
	{0x65a1, 0xa5},
	{0x65a2, 0xb3},
	{0x65a3, 0xc6},
	{0x65a4, 0xda},
	{0x65a5, 0xed},
	{0x65ac, 0xa5},
	{0x65ad, 0xac},
	{0x65ae, 0xc6},
	{0x65af, 0xcd},
	{0x65b0, 0xed},
	{0x65b1, 0xf4},
	{0x65b2, 0x00},
	{0x65b3, 0x00},
	{0x65ba, 0xa0},
	{0x65bb, 0xb1},
	{0x65bc, 0xc1},
	{0x65bd, 0xd2},
	{0x65be, 0xe8},
	{0x65bf, 0xf9},
	{0x65c0, 0x00},
	{0x65c1, 0x00},
	{0x65c8, 0x9e},
	{0x65c9, 0xa5},
	{0x65ca, 0xbf},
	{0x65cb, 0xc6},
	{0x65cc, 0xe6},
	{0x65cd, 0xed},
	{0x65d6, 0x99},
	{0x65d7, 0xaa},
	{0x65d8, 0xba},
	{0x65d9, 0xcb},
	{0x65da, 0xe1},
	{0x65db, 0xf2},
	{0x65e6, 0x26},
	{0x65e7, 0xfb},
	{0x65e8, 0x00},
	{0x65e9, 0x00},
	{0x65f8, 0x00},
	{0x65f9, 0x00},
	{0x6608, 0x92},
	{0x6609, 0xcd},
	{0x660a, 0xda},
	{0x660b, 0xf4},
	{0x6618, 0x92},
	{0x6619, 0xcd},
	{0x661a, 0xda},
	{0x661b, 0xf4},
	{0x6628, 0x22},
	{0x6629, 0x23},
	{0x662c, 0x00},
	{0x662d, 0x00},
	{0x663e, 0x00},
	{0x663f, 0x00},
	{0x6640, 0x00},
	{0x6641, 0x00},
	{0x6644, 0x00},
	{0x6645, 0x00},
	{0x6680, 0x25},
	{0x6681, 0xfb},
	{0x6682, 0x25},
	{0x6683, 0xfb},
	{0x6690, 0xd2},
	{0x6691, 0x17},
	{0x6692, 0xfb},
	{0x6693, 0xd4},
	{0x669a, 0xcd},
	{0x669b, 0x1b},
	{0x669c, 0xfb},
	{0x669d, 0xd8},
	{0x66a8, 0x1e},
	{0x66a9, 0x0c},
	{0x66aa, 0xfb},
	{0x66ab, 0x2c},
	{0x66b0, 0x1e},
	{0x66b1, 0x0c},
	{0x66b2, 0xfb},
	{0x66b3, 0x2c},
	{0x66b8, 0x00},
	{0x66b9, 0x00},
	{0x66ba, 0x00},
	{0x66bb, 0x00},
	{0x66c0, 0x00},
	{0x66c1, 0x00},
	{0x66c2, 0x00},
	{0x66c3, 0x00},
	{0x66d8, 0x5e},
	{0x66d9, 0xfb},
	{0x66da, 0x00},
	{0x66db, 0x00},
	{0x66e4, 0xcd},
	{0x66e5, 0xd6},
	{0x66e6, 0x00},
	{0x66e7, 0x00},
	{0x66f0, 0xfb},
	{0x66f1, 0x60},
	{0x66fc, 0x00},
	{0x66fd, 0x00},
	{0x6403, 0x00},
	{0x662a, 0xfd},
	{0x662b, 0xfe},
	{0x66ac, 0x00},
	{0x66ad, 0x00},
	{0x66b4, 0x00},
	{0x66b5, 0x00},
	{0x66f1, 0xb2},
	{0x66f2, 0x00},
	{0x66f3, 0x00},
	{0x3c00, 0x99},
	{0x3c01, 0x99},
	{0x3c02, 0xff},
	{0x3c03, 0xff},
	{0x3c0c, 0x04},
	{0x3c0d, 0x04},
	{0x3c0e, 0x04},
	{0x3c0f, 0x04},
	{0x6708, 0xcd},
	{0x6709, 0xd6},
	{0x6506, 0x96},
	{0x6507, 0x92},
	{0x6508, 0xb7},
	{0x6509, 0xb3},
	{0x650a, 0xde},
	{0x650b, 0xda},
	{0x650c, 0x00},
	{0x650d, 0x00},
	{0x6608, 0x92},
	{0x6609, 0xf4},
	{0x660a, 0x00},
	{0x660b, 0x00},
	{0x6618, 0x01},
	{0x6619, 0x00},
	{0x661a, 0x00},
	{0x661b, 0x00},
	{0x66b8, 0xfb},
	{0x66b9, 0xaf},
	{0x66c0, 0xfb},
	{0x66c1, 0xaf},
	{0x65bb, 0xac},
	{0x66ab, 0xb0},
	{0x66b3, 0xb0},
	{0x66d8, 0xb1},
	{0x66a8, 0x1e},
	{0x66a9, 0x19},
	{0x66aa, 0xfb},
	{0x66ab, 0xb0},
	{0x66b0, 0x1e},
	{0x66b1, 0x19},
	{0x66b2, 0xfb},
	{0x66b3, 0xb0},
	{0x641b, 0x00},
	{0x641c, 0xae},
	{0x641d, 0xa0},
	{0x641e, 0x00},
	{0x641f, 0xaf},
	{0x6420, 0x20},
	{0x6421, 0x00},
	{0x6422, 0xb0},
	{0x6423, 0x20},
	{0x6424, 0x00},
	{0x6425, 0xb1},
	{0x6426, 0x41},
	{0x6427, 0x00},
	{0x6428, 0xb2},
	{0x6429, 0x20},
	{0x642a, 0x03},
	{0x642b, 0xb3},
	{0x642c, 0xab},
	{0x642d, 0x01},
	{0x642e, 0xb7},
	{0x642f, 0xc4},
	{0x6430, 0x00},
	{0x6431, 0xbf},
	{0x6432, 0x5d},
	{0x6433, 0x00},
	{0x6434, 0xcb},
	{0x6435, 0x5d},
	{0x6436, 0x00},
	{0x6437, 0xd2},
	{0x6438, 0x8f},
	{0x6439, 0x00},
	{0x643a, 0xd4},
	{0x643b, 0x30},
	{0x643c, 0x01},
	{0x643d, 0xd6},
	{0x643e, 0x95},
	{0x643f, 0x00},
	{0x6440, 0xd8},
	{0x6441, 0x62},
	{0x6442, 0x03},
	{0x6443, 0xda},
	{0x6444, 0xab},
	{0x6445, 0x01},
	{0x6446, 0xde},
	{0x6447, 0xc4},
	{0x6448, 0x00},
	{0x6449, 0xe6},
	{0x644a, 0x5d},
	{0x644b, 0x00},
	{0x644c, 0xf2},
	{0x644d, 0x5d},
	{0x644e, 0x00},
	{0x644f, 0xf9},
	{0x6450, 0xc1},
	{0x6451, 0x00},
	{0x6452, 0xfb},
	{0x6453, 0xd4},
	{0x674e, 0x15},
	{0x674f, 0x1b},
	{0x6758, 0x1b},
	{0x6759, 0x15},
	{0x6762, 0x1b},
	{0x6763, 0x15},
	{0x3646, 0x17},
	{0x3647, 0x17},
	{0x606f, 0x01},
	{0x6070, 0x00},
	{0x5074, 0x90},
	{0x4001, 0x2f},
	{0x3b20, 0xff},
	{0x3b24, 0x00},
	{0x4e00, 0x0d},
	{0x4e00, 0x0d},
	{0x4e06, 0x08},
	{0x4e07, 0x01},
	{0x4e08, 0x02},
	{0x4e09, 0x03},
	{0x4e0a, 0x01},
	{0x4e20, 0x00},
	{0x4e23, 0x55},
	{0x4e24, 0x11},
	{0x4e25, 0x15},
	{0x4e26, 0x54},
	{0x4e2a, 0x55},
	{0x4e2b, 0x55},
	{0x4e2c, 0x15},
	{0x4e2d, 0x50},
	{0x4e2e, 0x00},
	{0x4e21, 0x00},
	{0x4e22, 0x00},
	{0x4e27, 0x00},
	{0x4e28, 0x00},
	{0x4e29, 0x08},
	{0x3744, 0x20},
	{0x642a, 0x04},
	{0x642b, 0xb3},
	{0x642c, 0xa0},
	{0x6442, 0x04},
	{0x6443, 0xda},
	{0x6444, 0xa0},
	{0x64fc, 0x00},
	{0x64fd, 0x01},
	{0x382c, 0x28},
	{0x3790, 0xc0},
	{0x3794, 0xc0},
	{0x3791, 0xa0},
	{0x3795, 0xa0},
	{0x362a, 0x44},
	{0x362e, 0x2c},
	{0x362b, 0x44},
	{0x362d, 0x28},

	{REG_NULL, 0x00},
};

/*
 * The width and height must be configured to be
 * the same as the current output resolution of the sensor.
 * The input width of the isp needs to be 16 aligned.
 * The input height of the isp needs to be 8 aligned.
 * If the width or height does not meet the alignment rules,
 * you can configure the cropping parameters with the following function to
 * crop out the appropriate resolution.
 * struct v4l2_subdev_pad_ops {
 *    .get_selection
 * }
 */
static const struct og02c10_mode supported_modes[] = {
	{
		.bus_fmt = MEDIA_BUS_FMT_SBGGR10_1X10,
		.width = 1600,
		.height = 1200,
		.max_fps = {
			.numerator = 10000,
			.denominator = 600000,
		},
		.exp_def = 0x40,
		.hts_def = 0x04a8,
		.vts_def = 0x0a60,
		.reg_list = og02c10_linear10bit_1600x1200_regs,
		.hdr_compr = NULL,
		.hdr_mode = NO_HDR,
		.vc[PAD0] = 0,
	},
	{
		.bus_fmt = MEDIA_BUS_FMT_SBGGR12_1X12,
		.width = 1600,
		.height = 1200,
		.max_fps = {
			.numerator = 10000,
			.denominator = 600000,
		},
		.exp_def = 0x40,
		.hts_def = 0x0305,
		.vts_def = 0x0800,
		.reg_list = og02c10_dcg12bit_1600x1200_regs,
		.hdr_compr = NULL,
		.hdr_mode = NO_HDR,
		.vc[PAD0] = 0,
	},
};

static const s64 link_freq_menu_items[] = {
	MIPI_FREQ_750M,
};

static u64 og02c10_get_pixel_rate(const struct og02c10_mode *mode)
{
	if (mode->bus_fmt == MEDIA_BUS_FMT_SBGGR12_1X12)
		return PIXEL_RATE_WITH_750M_12BIT;

	return PIXEL_RATE_WITH_750M;
}

static u64 og02c10_get_pixels_per_line(const struct og02c10_mode *mode)
{
	return div_u64((u64)mode->hts_def * og02c10_get_pixel_rate(mode),
			OG02C10_SCLK);
}

static int __og02c10_power_on(struct og02c10 *og02c10);

static int og02c10_check_sensor_id(struct og02c10 *og02c10,
				   struct i2c_client *client);

/* sensor register write */
static int og02c10_write_reg(struct i2c_client *client, u16 reg, u8 val)
{
	struct i2c_msg msg;
	u8 buf[3];
	int ret;

	buf[0] = (reg >> 8) & 0xFF;
	buf[1] = reg & 0xFF;
	buf[2] = val;

	msg.addr = client->addr;
	msg.flags = client->flags;
	msg.buf = buf;
	msg.len = sizeof(buf);

	ret = i2c_transfer(client->adapter, &msg, 1);
	if (ret >= 0)
		return 0;

	dev_err(&client->dev,
		"og02c10 write reg(0x%x val:0x%x) failed, ret=%d\n", reg, val, ret);

	return ret;
}

static int og02c10_write_array(struct i2c_client *client,
			       const struct regval *regs)
{
	int i, ret = 0;

	i = 0;
	while (regs[i].addr != REG_NULL) {
		ret = og02c10_write_reg(client, regs[i].addr, regs[i].val);
		if (ret) {
			dev_err(&client->dev, "%s failed, ret=%d\n", __func__, ret);
			break;
		}
		i++;
	}

	return ret;
}

static int og02c10_apply_sync_mode(struct og02c10 *og02c10)
{
	const struct regval *regs;

	switch (og02c10->sync_mode) {
	case INTERNAL_MASTER_MODE:
	case NO_SYNC_MODE:
		return 0;
	case SLAVE_MODE:
		regs = og02c10_slave_regs;
		break;
	default:
		dev_err(&og02c10->client->dev, "unsupported sync mode %u\n",
			og02c10->sync_mode);
		return -EINVAL;
	}

	return og02c10_write_array(og02c10->client, regs);
}

/* sensor register read */
static int og02c10_read_reg(struct i2c_client *client, u16 reg, u8 *val)
{
	struct i2c_msg msg[2];
	u8 buf[2];
	int ret;

	buf[0] = (reg >> 8) & 0xFF;
	buf[1] = reg & 0xFF;

	msg[0].addr = client->addr;
	msg[0].flags = client->flags;
	msg[0].buf = buf;
	msg[0].len = sizeof(buf);

	msg[1].addr = client->addr;
	msg[1].flags = client->flags | I2C_M_RD;
	msg[1].buf = buf;
	msg[1].len = 1;

	ret = i2c_transfer(client->adapter, msg, 2);
	if (ret >= 0) {
		*val = buf[0];
		return 0;
	}

	dev_err(&client->dev,
		"og02c10 read reg(0x%x) failed, ret=%d\n", reg, ret);

	return ret;
}

/*
 * Module mount is optically mirrored vs FAE default (3821 mirror off).
 * Invert V4L2 HFLIP polarity so UI/CISFlip matches visual result:
 *   hflip=0 -> no mirror (upright view) -> HW mirror ON
 *   hflip=1 -> mirror              -> HW mirror OFF
 * Bayer remap / keep_view follow actual HW mirror/flip bits.
 */
static bool og02c10_hw_mirror_en(struct og02c10 *og02c10)
{
	if (!og02c10->h_flip)
		return false;
	return !og02c10->h_flip->val;
}

static bool og02c10_hw_flip_en(struct og02c10 *og02c10)
{
	return og02c10->v_flip ? !!og02c10->v_flip->val : false;
}

static u32 og02c10_get_bus_fmt(struct og02c10 *og02c10)
{
	u32 code = og02c10->cur_mode->bus_fmt;
	bool hw_mirror = og02c10_hw_mirror_en(og02c10);
	bool hw_flip = og02c10_hw_flip_en(og02c10);
	unsigned int idx = (hw_flip ? 2 : 0) | (hw_mirror ? 1 : 0);
	static const u32 map10[] = {
		MEDIA_BUS_FMT_SBGGR10_1X10,
		MEDIA_BUS_FMT_SGBRG10_1X10,
		MEDIA_BUS_FMT_SGRBG10_1X10,
		MEDIA_BUS_FMT_SRGGB10_1X10,
	};
	static const u32 map12[] = {
		MEDIA_BUS_FMT_SBGGR12_1X12,
		MEDIA_BUS_FMT_SGBRG12_1X12,
		MEDIA_BUS_FMT_SGRBG12_1X12,
		MEDIA_BUS_FMT_SRGGB12_1X12,
	};

	if (code == MEDIA_BUS_FMT_SBGGR10_1X10 ||
	    code == MEDIA_BUS_FMT_SGBRG10_1X10 ||
	    code == MEDIA_BUS_FMT_SGRBG10_1X10 ||
	    code == MEDIA_BUS_FMT_SRGGB10_1X10)
		return map10[idx];
	if (code == MEDIA_BUS_FMT_SBGGR12_1X12 ||
	    code == MEDIA_BUS_FMT_SGBRG12_1X12 ||
	    code == MEDIA_BUS_FMT_SGRBG12_1X12 ||
	    code == MEDIA_BUS_FMT_SRGGB12_1X12)
		return map12[idx];

	return code;
}

static int og02c10_update_keep_view(struct og02c10 *og02c10)
{
	u8 val = 0;
	int ret;
	bool hw_mirror = og02c10_hw_mirror_en(og02c10);
	bool hw_flip = og02c10_hw_flip_en(og02c10);

	ret = og02c10_read_reg(og02c10->client, OG02C10_REG_WINDOW_CTRL_8, &val);
	if (ret)
		return ret;

	/* HW mirror/flip on: clear keep_view so Bayer phase follows readout */
	if (hw_mirror)
		val &= ~OG02C10_MIRROR_KEEP_VIEW_EN;
	else
		val |= OG02C10_MIRROR_KEEP_VIEW_EN;

	if (hw_flip)
		val &= ~OG02C10_FLIP_KEEP_VIEW_EN;
	else
		val |= OG02C10_FLIP_KEEP_VIEW_EN;

	return og02c10_write_reg(og02c10->client, OG02C10_REG_WINDOW_CTRL_8, val);
}

static int og02c10_get_reso_dist(const struct og02c10_mode *mode,
				 struct v4l2_mbus_framefmt *framefmt)
{
	return abs(mode->width - framefmt->width) +
		abs(mode->height - framefmt->height);
}

static const struct og02c10_mode *
og02c10_find_best_fit(struct og02c10 *og02c10, struct v4l2_subdev_format *fmt)
{
	struct v4l2_mbus_framefmt *framefmt = &fmt->format;
	int dist;
	int cur_best_fit = 0;
	int cur_best_fit_dist = -1;
	unsigned int i;

	for (i = 0; i < og02c10->cfg_num; i++) {
		dist = og02c10_get_reso_dist(&supported_modes[i], framefmt);
		if ((cur_best_fit_dist == -1 || dist <= cur_best_fit_dist) &&
		    (supported_modes[i].bus_fmt == framefmt->code)) {
			cur_best_fit_dist = dist;
			cur_best_fit = i;
		}
	}

	return &supported_modes[cur_best_fit];
}


static void og02c10_update_controls(struct og02c10 *og02c10)
{
	const struct og02c10_mode *mode = og02c10->cur_mode;
	s64 v_blank = mode->vts_def - mode->height;
	u64 pixels_per_line;
	u32 h_blank;
	u64 dst_link_freq = 0;
	u64 dst_pixel_rate = og02c10_get_pixel_rate(mode);
	s64 exposure_max;

	/* HTS is in SCLK cycles; V4L2 HBLANK is in pixel-rate cycles. */
	pixels_per_line = og02c10_get_pixels_per_line(mode);
	if (pixels_per_line > mode->width) {
		h_blank = pixels_per_line - mode->width;
	} else {
		dev_warn(&og02c10->client->dev,
			 "pixels_per_line(%llu) <= width(%u), report hblank=0\n",
			 (unsigned long long)pixels_per_line, mode->width);
		h_blank = 0;
	}

	__v4l2_ctrl_modify_range(og02c10->hblank, h_blank,
					 h_blank, 1, h_blank);
	__v4l2_ctrl_modify_range(og02c10->vblank, v_blank,
					 OG02C10_VTS_MAX - mode->height,
					 1, v_blank);
	/* FAE: DCG max=VTS-8; Linear max=VTS/2-12 */
	if (mode->bus_fmt == MEDIA_BUS_FMT_SBGGR12_1X12)
		exposure_max = mode->vts_def - OG02C10_EXPOSURE_DCG_MARGIN;
	else
		exposure_max = mode->vts_def / 2 - OG02C10_EXPOSURE_LINEAR_MARGIN;
	__v4l2_ctrl_modify_range(og02c10->exposure, OG02C10_EXPOSURE_MIN,
				 exposure_max, OG02C10_EXPOSURE_STEP,
				 mode->exp_def);
	if (og02c10->anal_gain) {
		s64 gain_min = OG02C10_GAIN_MIN;
		s64 gain_max = OG02C10_GAIN_MAX;
		s64 gain_def = OG02C10_GAIN_DEFAULT;

		if (mode->bus_fmt == MEDIA_BUS_FMT_SBGGR12_1X12) {
			/* logical gain: 1x..~29x, driver *8 -> HCG */
			gain_min = OG02C10_DCG_GAIN_MIN;
			gain_max = OG02C10_DCG_GAIN_MAX;
			gain_def = OG02C10_DCG_GAIN_DEFAULT;
		}
		__v4l2_ctrl_modify_range(og02c10->anal_gain, gain_min,
					 gain_max, OG02C10_GAIN_STEP,
					 gain_def);
	}
	__v4l2_ctrl_s_ctrl_int64(og02c10->pixel_rate, dst_pixel_rate);
	__v4l2_ctrl_s_ctrl(og02c10->link_freq, dst_link_freq);
}

static int og02c10_set_fmt(struct v4l2_subdev *sd,
			   struct v4l2_subdev_state *sd_state,
			   struct v4l2_subdev_format *fmt)
{
	struct og02c10 *og02c10 = to_og02c10(sd);
	const struct og02c10_mode *mode;

	mutex_lock(&og02c10->mutex);
	mode = og02c10_find_best_fit(og02c10, fmt);
	fmt->format.code = mode->bus_fmt;
	fmt->format.width = mode->width;
	fmt->format.height = mode->height;
	fmt->format.field = V4L2_FIELD_NONE;
	if (fmt->which == V4L2_SUBDEV_FORMAT_TRY) {
#ifdef CONFIG_VIDEO_V4L2_SUBDEV_API
		*v4l2_subdev_get_try_format(sd, sd_state, fmt->pad) = fmt->format;
#else
		mutex_unlock(&og02c10->mutex);
		return -ENOTTY;
#endif
	} else {
		og02c10->cur_mode = mode;
		og02c10_update_controls(og02c10);
	}

	mutex_unlock(&og02c10->mutex);

	return 0;
}

static int og02c10_get_fmt(struct v4l2_subdev *sd,
			   struct v4l2_subdev_state *sd_state,
			   struct v4l2_subdev_format *fmt)
{
	struct og02c10 *og02c10 = to_og02c10(sd);
	const struct og02c10_mode *mode = og02c10->cur_mode;

	mutex_lock(&og02c10->mutex);
	if (fmt->which == V4L2_SUBDEV_FORMAT_TRY) {
		dev_dbg(&og02c10->client->dev, "get format try.\n");
#ifdef CONFIG_VIDEO_V4L2_SUBDEV_API
		fmt->format = *v4l2_subdev_get_try_format(sd, sd_state, fmt->pad);
#else
		mutex_unlock(&og02c10->mutex);
		return -ENOTTY;
#endif
	} else {
		fmt->format.width = mode->width;
		fmt->format.height = mode->height;
		fmt->format.code = og02c10_get_bus_fmt(og02c10);
		fmt->format.field = V4L2_FIELD_NONE;
		if (fmt->pad < PAD_MAX && mode->hdr_mode != NO_HDR)
			fmt->reserved[0] = mode->vc[fmt->pad];
		else
			fmt->reserved[0] = mode->vc[PAD0];
	}
	mutex_unlock(&og02c10->mutex);

	dev_dbg(&og02c10->client->dev,
		"get format, width: %d, height: %d, code: %d, field: %d.\n",
		fmt->format.width, fmt->format.height,
		fmt->format.code, fmt->format.field);

	return 0;
}

static int og02c10_enum_mbus_code(struct v4l2_subdev *sd,
				  struct v4l2_subdev_state *sd_state,
				  struct v4l2_subdev_mbus_code_enum *code)
{
	struct og02c10 *og02c10 = to_og02c10(sd);

	if (code->index >= og02c10->cfg_num)
		return -EINVAL;
	code->code = supported_modes[code->index].bus_fmt;

	return 0;
}

static int og02c10_enum_frame_sizes(struct v4l2_subdev *sd,
				    struct v4l2_subdev_state *sd_state,
				    struct v4l2_subdev_frame_size_enum *fse)
{
	struct og02c10 *og02c10 = to_og02c10(sd);

	if (fse->index >= og02c10->cfg_num)
		return -EINVAL;

	if (fse->code != supported_modes[fse->index].bus_fmt)
		return -EINVAL;

	fse->min_width	= supported_modes[fse->index].width;
	fse->max_width	= supported_modes[fse->index].width;
	fse->max_height = supported_modes[fse->index].height;
	fse->min_height = supported_modes[fse->index].height;

	return 0;
}

static int og02c10_g_frame_interval(struct v4l2_subdev *sd,
				    struct v4l2_subdev_frame_interval *fi)
{
	struct og02c10 *og02c10 = to_og02c10(sd);
	const struct og02c10_mode *mode = og02c10->cur_mode;

	fi->interval = mode->max_fps;

	return 0;
}

static int og02c10_g_mbus_config(struct v4l2_subdev *sd, unsigned int pad,
		struct v4l2_mbus_config *config)
{
	config->type = V4L2_MBUS_CSI2_DPHY;
	config->bus.mipi_csi2.num_data_lanes = OG02C10_LANES;

	return 0;
}

static void og02c10_get_module_inf(struct og02c10 *og02c10,
		  struct rkmodule_inf *inf)
{
	memset(inf, 0, sizeof(*inf));
	strscpy(inf->base.sensor, OG02C10_NAME, sizeof(inf->base.sensor));
	strscpy(inf->base.module, og02c10->module_name,
	sizeof(inf->base.module));
	strscpy(inf->base.lens, og02c10->len_name, sizeof(inf->base.lens));
}


static int og02c10_set_hdr_cfg(struct og02c10 *og02c10,
				       struct rkmodule_hdr_cfg *hdr_cfg)
{
	u32 i, h, w;

	w = og02c10->cur_mode->width;
	h = og02c10->cur_mode->height;
	if (og02c10->cur_mode->hdr_mode == hdr_cfg->hdr_mode)
		return 0;

	for (i = 0; i < og02c10->cfg_num; i++) {
		if (w == supported_modes[i].width &&
		    h == supported_modes[i].height &&
		    supported_modes[i].hdr_mode == hdr_cfg->hdr_mode) {
			og02c10->cur_mode = &supported_modes[i];
			og02c10_update_controls(og02c10);
			return 0;
		}
	}

	dev_err(&og02c10->client->dev,
		"not find hdr mode:%d %dx%d config\n",
		hdr_cfg->hdr_mode, w, h);
	return -EINVAL;
}

static long og02c10_ioctl(struct v4l2_subdev *sd, unsigned int cmd, void *arg)
{
	struct og02c10 *og02c10 = to_og02c10(sd);
	struct rkmodule_hdr_cfg *hdr_cfg;
	long ret = 0;
	u32 stream = 0;

	switch (cmd) {
	case RKMODULE_SET_HDR_CFG:
		hdr_cfg = (struct rkmodule_hdr_cfg *)arg;
		ret = og02c10_set_hdr_cfg(og02c10, hdr_cfg);
		break;
	case RKMODULE_GET_MODULE_INFO:
		og02c10_get_module_inf(og02c10, (struct rkmodule_inf *)arg);
		break;
	case RKMODULE_GET_HDR_CFG:
		hdr_cfg = (struct rkmodule_hdr_cfg *)arg;
		hdr_cfg->hdr_mode = og02c10->cur_mode->hdr_mode;
		hdr_cfg->esp.mode = HDR_NORMAL_VC;
		//if (hdr_cfg->hdr_mode == HDR_CIS_MERGE && og02c10->cur_mode->hdr_compr)
		//	hdr_cfg->compr = *og02c10->cur_mode->hdr_compr;
		break;
	case RKMODULE_SET_QUICK_STREAM:
		stream = *((u32 *)arg);
		if (stream)
			ret = og02c10_write_reg(og02c10->client, OG02C10_REG_CTRL_MODE,
						OG02C10_MODE_STREAMING);
		else
			ret = og02c10_write_reg(og02c10->client, OG02C10_REG_CTRL_MODE,
						OG02C10_MODE_SW_STANDBY);
		break;
	default:
		ret = -ENOIOCTLCMD;
		break;
	}

	return ret;
}

#ifdef CONFIG_COMPAT
static long og02c10_compat_ioctl32(struct v4l2_subdev *sd,
		  unsigned int cmd, unsigned long arg)
{
	void __user *up = compat_ptr(arg);
	struct rkmodule_inf *inf;
	struct rkmodule_hdr_cfg *hdr;
	long ret;
	u32 stream = 0;

	switch (cmd) {
	case RKMODULE_GET_MODULE_INFO:
		inf = kzalloc(sizeof(*inf), GFP_KERNEL);
		if (!inf) {
			ret = -ENOMEM;
			return ret;
		}

		ret = og02c10_ioctl(sd, cmd, inf);
		if (!ret) {
			ret = copy_to_user(up, inf, sizeof(*inf));
			if (ret)
				ret = -EFAULT;
		}
		kfree(inf);
		break;
	case RKMODULE_GET_HDR_CFG:
		hdr = kzalloc(sizeof(*hdr), GFP_KERNEL);
		if (!hdr) {
			ret = -ENOMEM;
			return ret;
		}

		ret = og02c10_ioctl(sd, cmd, hdr);
		if (!ret) {
			ret = copy_to_user(up, hdr, sizeof(*hdr));
			if (ret)
				ret = -EFAULT;
		}
		kfree(hdr);
		break;
	case RKMODULE_SET_HDR_CFG:
		hdr = kzalloc(sizeof(*hdr), GFP_KERNEL);
		if (!hdr) {
			ret = -ENOMEM;
			return ret;
		}

		ret = copy_from_user(hdr, up, sizeof(*hdr));
		if (!ret)
			ret = og02c10_ioctl(sd, cmd, hdr);
		else
			ret = -EFAULT;
		kfree(hdr);
		break;
	case RKMODULE_SET_QUICK_STREAM:
		ret = copy_from_user(&stream, up, sizeof(u32));
		if (!ret)
			ret = og02c10_ioctl(sd, cmd, &stream);
		else
			ret = -EFAULT;
		break;
	default:
		ret = -ENOIOCTLCMD;
		break;
	}

	return ret;
}
#endif

static int __og02c10_start_stream(struct og02c10 *og02c10)
{
	int ret;

	ret = og02c10_write_array(og02c10->client, og02c10->cur_mode->reg_list);
	if (ret)
		return ret;

	/* In case these controls are set before streaming */
	ret = __v4l2_ctrl_handler_setup(&og02c10->ctrl_handler);
	if (ret)
		return ret;

	ret = og02c10_apply_sync_mode(og02c10);
	if (ret)
		return ret;

	usleep_range(1000, 5000);

	ret = og02c10_write_reg(og02c10->client, OG02C10_REG_CTRL_MODE,
				OG02C10_MODE_STREAMING);

	/*
	 * Linear10: FAE setting ends with 3208=e0/e1; after stream-on +
	 * ctrl setup, re-launch HCG (0xe0) so optical again/dgain follow
	 * 0x3508~0x350C. L/S gain are still mirrored in set_ctrl.
	 */
	if (!ret &&
	    og02c10->cur_mode->bus_fmt == MEDIA_BUS_FMT_SBGGR10_1X10)
		ret = og02c10_write_reg(og02c10->client,
					OG02C10_REG_GROUP_HOLD,
					OG02C10_GROUP_LAUNCH_HCG);

	return ret;
}

static int __og02c10_stop_stream(struct og02c10 *og02c10)
{
	return og02c10_write_reg(og02c10->client, OG02C10_REG_CTRL_MODE, OG02C10_MODE_SW_STANDBY);
}

static int og02c10_s_stream(struct v4l2_subdev *sd, int on)
{
	struct og02c10 *og02c10 = to_og02c10(sd);
	struct i2c_client *client = og02c10->client;
	int ret = 0;

	mutex_lock(&og02c10->mutex);
	on = !!on;
	if (on == og02c10->streaming)
		goto unlock_and_return;

	if (on) {
		ret = pm_runtime_get_sync(&client->dev);
		if (ret < 0) {
			v4l2_err(sd, "pm runtime get sync failed\n");
			pm_runtime_put_noidle(&client->dev);
			goto unlock_and_return;
		}

		ret = __og02c10_start_stream(og02c10);
		if (ret) {
			v4l2_err(sd, "start stream failed while write regs\n");
			pm_runtime_put(&client->dev);
			goto unlock_and_return;
		}
	} else {
		__og02c10_stop_stream(og02c10);
		pm_runtime_put(&client->dev);
	}

	og02c10->streaming = on;

unlock_and_return:
	mutex_unlock(&og02c10->mutex);

	return ret;
}

static int og02c10_s_power(struct v4l2_subdev *sd, int on)
{
	struct og02c10 *og02c10 = to_og02c10(sd);
	struct i2c_client *client = og02c10->client;
	int ret = 0;

	mutex_lock(&og02c10->mutex);

	/* If the power state is not modified - no work to do. */
	if (og02c10->power_on == !!on)
		goto unlock_and_return;

	if (on) {
		ret = pm_runtime_get_sync(&client->dev);
		if (ret < 0) {
			pm_runtime_put_noidle(&client->dev);
			goto unlock_and_return;
		}

		usleep_range(100, 200);

		og02c10->power_on = true;
	} else {
		pm_runtime_put(&client->dev);
		og02c10->power_on = false;
	}

unlock_and_return:
	mutex_unlock(&og02c10->mutex);

	return ret;
}

static int __og02c10_power_on(struct og02c10 *og02c10)
{
	int ret = 0;
	struct device *dev = &og02c10->client->dev;

	ret = clk_set_rate(og02c10->xvclk, OG02C10_XVCLK_FREQ);
	if (ret < 0)
		dev_warn(dev, "Failed to set xvclk rate (24MHz)\n");
	if (clk_get_rate(og02c10->xvclk) != OG02C10_XVCLK_FREQ)
		dev_warn(dev, "xvclk mismatched, modes are based on 24MHz\n");
	ret = clk_prepare_enable(og02c10->xvclk);
	if (ret < 0) {
		dev_err(dev, "Failed to enable xvclk\n");
		return ret;
	}

	ret = regulator_bulk_enable(OG02C10_NUM_SUPPLIES, og02c10->supplies);
	if (ret < 0)
		dev_err(dev, "Failed to enable regulators\n");

	if (!IS_ERR(og02c10->pwdn_gpio)) {
		ret = gpiod_direction_output(og02c10->pwdn_gpio, 1);
		if (ret < 0)
			dev_err(dev, "Failed to set pwdn gpio\n");
		usleep_range(3000, 5000);
	}

	if (!IS_ERR(og02c10->reset_gpio)) {
		ret = gpiod_direction_output(og02c10->reset_gpio, 1);
		if (ret < 0)
			dev_err(dev, "Failed to set reset gpio\n");
		usleep_range(3000, 5000);
	}

	return ret;
}

static void __og02c10_power_off(struct og02c10 *og02c10)
{
	struct device *dev = &og02c10->client->dev;
	int ret = 0;

	if (!IS_ERR(og02c10->reset_gpio)) {
		ret = gpiod_direction_output(og02c10->reset_gpio, 0);
		if (ret < 0)
			dev_err(dev, "Failed to set reset gpio\n");
		usleep_range(500, 1000);
	}
	if (!IS_ERR(og02c10->pwdn_gpio)) {
		ret = gpiod_direction_output(og02c10->pwdn_gpio, 0);
		if (ret < 0)
			dev_err(dev, "Failed to set pwdn gpio\n");
		usleep_range(500, 1000);
	}
	clk_disable_unprepare(og02c10->xvclk);
	regulator_bulk_disable(OG02C10_NUM_SUPPLIES, og02c10->supplies);
}

static int og02c10_runtime_resume(struct device *dev)
{
	struct i2c_client *client = to_i2c_client(dev);
	struct v4l2_subdev *sd = i2c_get_clientdata(client);
	struct og02c10 *og02c10 = to_og02c10(sd);

	return __og02c10_power_on(og02c10);
}

static int og02c10_runtime_suspend(struct device *dev)
{
	struct i2c_client *client = to_i2c_client(dev);
	struct v4l2_subdev *sd = i2c_get_clientdata(client);
	struct og02c10 *og02c10 = to_og02c10(sd);

	__og02c10_power_off(og02c10);

	return 0;
}

#ifdef CONFIG_VIDEO_V4L2_SUBDEV_API
static int og02c10_open(struct v4l2_subdev *sd, struct v4l2_subdev_fh *fh)
{
	struct og02c10 *og02c10 = to_og02c10(sd);
	struct v4l2_mbus_framefmt *try_fmt =
		v4l2_subdev_get_try_format(sd, fh->state, 0);
	const struct og02c10_mode *def_mode = &supported_modes[0];

	mutex_lock(&og02c10->mutex);
	/* Initialize try_fmt */
	try_fmt->width = def_mode->width;
	try_fmt->height = def_mode->height;
	try_fmt->code = def_mode->bus_fmt;
	try_fmt->field = V4L2_FIELD_NONE;

	mutex_unlock(&og02c10->mutex);
	/* No crop or compose */

	return 0;
}
#endif

static int og02c10_enum_frame_interval(struct v4l2_subdev *sd,
				       struct v4l2_subdev_state *sd_state,
				       struct v4l2_subdev_frame_interval_enum *fie)
{
	struct og02c10 *og02c10 = to_og02c10(sd);

	if (fie->index >= og02c10->cfg_num)
		return -EINVAL;

	fie->code = supported_modes[fie->index].bus_fmt;
	fie->width = supported_modes[fie->index].width;
	fie->height = supported_modes[fie->index].height;
	fie->interval = supported_modes[fie->index].max_fps;
	fie->reserved[0] = supported_modes[fie->index].hdr_mode;
	return 0;
}

static const struct dev_pm_ops og02c10_pm_ops = {
	SET_RUNTIME_PM_OPS(og02c10_runtime_suspend,
			   og02c10_runtime_resume, NULL)
};

#ifdef CONFIG_VIDEO_V4L2_SUBDEV_API
static const struct v4l2_subdev_internal_ops og02c10_internal_ops = {
	.open = og02c10_open,
};
#endif

static const struct v4l2_subdev_core_ops og02c10_core_ops = {
	.s_power = og02c10_s_power,
	.ioctl = og02c10_ioctl,
#ifdef CONFIG_COMPAT
	.compat_ioctl32 = og02c10_compat_ioctl32,
#endif
};

static const struct v4l2_subdev_video_ops og02c10_video_ops = {
	.s_stream = og02c10_s_stream,
	.g_frame_interval = og02c10_g_frame_interval,
};

static const struct v4l2_subdev_pad_ops og02c10_pad_ops = {
	.enum_mbus_code = og02c10_enum_mbus_code,
	.enum_frame_size = og02c10_enum_frame_sizes,
	.enum_frame_interval = og02c10_enum_frame_interval,
	.get_fmt = og02c10_get_fmt,
	.set_fmt = og02c10_set_fmt,
	.get_mbus_config = og02c10_g_mbus_config,
};

static const struct v4l2_subdev_ops og02c10_subdev_ops = {
	.core = &og02c10_core_ops,
	.video = &og02c10_video_ops,
	.pad = &og02c10_pad_ops,
};

static int og02c10_set_ctrl(struct v4l2_ctrl *ctrl)
{
	struct og02c10 *og02c10 = container_of(ctrl->handler,
			 struct og02c10, ctrl_handler);
	struct i2c_client *client = og02c10->client;
	int ret = 0;
	u8 again = 0, dgain = 1;
	u8 again_fin = 0, dgain_fin_l = 0, dgain_fin_h = 0;
	u8 lcg_again = 0, lcg_again_fin = 0;
	u32 dgain_fin = 0;
	u32 hcg_again_code = 0, lcg_again_code = 0;
	bool is_dcg;
	u16 vts_val = 0;
	s64 max;
	u8 val = 0;

	/* Propagate change of current control to all related controls */
	switch (ctrl->id) {
	case V4L2_CID_VBLANK:
		/* Update max exposure while meeting expected vblanking */
		/* DCG: VTS-8; Linear: VTS/2-12 (FAE fixed-fps) */
		if (og02c10->cur_mode->bus_fmt == MEDIA_BUS_FMT_SBGGR12_1X12)
			max = og02c10->cur_mode->height + ctrl->val -
			      OG02C10_EXPOSURE_DCG_MARGIN;
		else
			max = (og02c10->cur_mode->height + ctrl->val) / 2 -
			      OG02C10_EXPOSURE_LINEAR_MARGIN;
		__v4l2_ctrl_modify_range(og02c10->exposure,
					 og02c10->exposure->minimum, max,
					 og02c10->exposure->step,
					 og02c10->exposure->default_value);
		break;
	}

	dev_dbg(&client->dev, "set ctrl %#x\n", ctrl->id);
	if (!pm_runtime_get_if_in_use(&client->dev)) {
		dev_dbg(&client->dev, "power is not on\n");
		return 0;
	}

	switch (ctrl->id) {
	case V4L2_CID_EXPOSURE:
		ret |= og02c10_write_reg(og02c10->client,
					 OG02C10_REG_EXP_H, (ctrl->val >> 16) & 0xFF);
		ret |= og02c10_write_reg(og02c10->client,
					 OG02C10_REG_EXP_M, (ctrl->val >> 8) & 0xFF);
		ret |= og02c10_write_reg(og02c10->client,
					 OG02C10_REG_EXP_L, ctrl->val & 0xFF);
		dev_dbg(&client->dev, "set exposure %#x(%d)\n",
			ctrl->val, ctrl->val);
		break;
	case V4L2_CID_ANALOGUE_GAIN:
		/*
		 * Upper layer: val = total_gain * 16 (1/16 step).
		 * Prefer again first, then dgain (again 1~15.5, dgain 1~15).
		 * Linear10: absolute total gain; mirror L/S again+dgain.
		 * DCG12: logical gain (1x..); HCG = logical * 8;
		 *        LCG again = HCG_again * 21/128; dgain unified.
		 */
		is_dcg = (og02c10->cur_mode->bus_fmt == MEDIA_BUS_FMT_SBGGR12_1X12);
		{
			u32 gain_val = ctrl->val;

			if (is_dcg) {
				/* logical 1x (16) -> HCG 8x (128) */
				gain_val = ctrl->val * OG02C10_DCG_GAIN_SCALE;
				if (gain_val > OG02C10_GAIN_MAX)
					gain_val = OG02C10_GAIN_MAX;
			}

			if (gain_val > OG02C10_AGAIN_MAX_REG) {
				/* Lock again at 15.5x = 15 + 8/16 */
				again = 15;
				again_fin = 8 << 4;
				hcg_again_code = OG02C10_AGAIN_MAX_REG;

				dgain = gain_val / OG02C10_AGAIN_MAX_REG;
				if (dgain > OG02C10_DGAIN_MAX)
					dgain = OG02C10_DGAIN_MAX;
				dgain_fin = ((gain_val - dgain * OG02C10_AGAIN_MAX_REG) << 10) /
					    OG02C10_AGAIN_MAX_REG;
				if (dgain >= OG02C10_DGAIN_MAX)
					dgain_fin = 0;
				dgain_fin_h = (dgain_fin >> 2) & 0xff;
				dgain_fin_l = (dgain_fin & 0x3) << 6;
			} else {
				again = gain_val >> 4;
				again_fin = (gain_val & 0xf) << 4;
				hcg_again_code = gain_val;

				dgain = 1;
				dgain_fin_l = 0;
				dgain_fin_h = 0;
			}
		}

		/* HCG / Linear-L path */
		ret |= og02c10_write_reg(og02c10->client,
					 OG02C10_REG_AGAIN_COARSE, again);
		ret |= og02c10_write_reg(og02c10->client,
					 OG02C10_REG_AGAIN_FINE, again_fin);

		ret |= og02c10_write_reg(og02c10->client,
					 OG02C10_REG_DGAIN_COARSE, dgain);
		ret |= og02c10_write_reg(og02c10->client,
					 OG02C10_REG_DGAIN_FINE_H, dgain_fin_h);
		ret |= og02c10_write_reg(og02c10->client,
					 OG02C10_REG_DGAIN_FINE_L, dgain_fin_l);

		if (is_dcg) {
			/*
			 * DCG: HCG>=8x, LCG>=1.3125x, ratio 8:1.3125.
			 * LCG again = HCG_again * 21/128; dgain mirrors HCG.
			 */
			lcg_again_code = hcg_again_code * OG02C10_DCG_LCG_AGAIN_REF /
					 OG02C10_DCG_HCG_AGAIN_REF;
			if (lcg_again_code < OG02C10_DCG_LCG_AGAIN_REF)
				lcg_again_code = OG02C10_DCG_LCG_AGAIN_REF;
			if (lcg_again_code > OG02C10_AGAIN_MAX_REG)
				lcg_again_code = OG02C10_AGAIN_MAX_REG;
			lcg_again = lcg_again_code >> 4;
			lcg_again_fin = (lcg_again_code & 0xf) << 4;

			ret |= og02c10_write_reg(og02c10->client,
						 OG02C10_REG_AGAIN_S_COARSE,
						 lcg_again);
			ret |= og02c10_write_reg(og02c10->client,
						 OG02C10_REG_AGAIN_S_FINE,
						 lcg_again_fin);
			ret |= og02c10_write_reg(og02c10->client,
						 OG02C10_REG_DGAIN_S_COARSE,
						 dgain);
			ret |= og02c10_write_reg(og02c10->client,
						 OG02C10_REG_DGAIN_S_FINE_H,
						 dgain_fin_h);
			ret |= og02c10_write_reg(og02c10->client,
						 OG02C10_REG_DGAIN_S_FINE_L,
						 dgain_fin_l);
		} else if (og02c10->cur_mode->bus_fmt ==
			   MEDIA_BUS_FMT_SBGGR10_1X10) {
			/* Linear10: FAE init uses equal L/S again (+ dgain) */
			ret |= og02c10_write_reg(og02c10->client,
						 OG02C10_REG_AGAIN_S_COARSE,
						 again);
			ret |= og02c10_write_reg(og02c10->client,
						 OG02C10_REG_AGAIN_S_FINE,
						 again_fin);
			ret |= og02c10_write_reg(og02c10->client,
						 OG02C10_REG_DGAIN_S_COARSE,
						 dgain);
			ret |= og02c10_write_reg(og02c10->client,
						 OG02C10_REG_DGAIN_S_FINE_H,
						 dgain_fin_h);
			ret |= og02c10_write_reg(og02c10->client,
						 OG02C10_REG_DGAIN_S_FINE_L,
						 dgain_fin_l);
		}

		dev_dbg(&client->dev,
			"set gain %#x, again = %#x(%u), again fine = %#x(%u), dgain = %#x(%u), dgain fine = %#x(%u)\n",
			ctrl->val, again, again, again_fin, again_fin,
			dgain, dgain, dgain_fin, dgain_fin);
		break;
	case V4L2_CID_VBLANK:
		vts_val = og02c10->cur_mode->height + ctrl->val;
		ret |= og02c10_write_reg(og02c10->client,
					 OG02C10_REG_VTS_H, (vts_val >> 8) & 0xFF);
		ret |= og02c10_write_reg(og02c10->client,
					 OG02C10_REG_VTS_L, vts_val & 0xFF);
		dev_dbg(&client->dev, "set vblank %#x\n", vts_val);
		break;
	case V4L2_CID_TEST_PATTERN:
		if (ctrl->val)
			ret = og02c10_write_reg(og02c10->client,
						OG02C10_REG_TEST_PATTERN,
						OG02C10_TEST_PATTERN_ENABLE_VAL);
		else
			ret = og02c10_write_reg(og02c10->client,
						OG02C10_REG_TEST_PATTERN,
						OG02C10_TEST_PATTERN_DISABLE_VAL);
		dev_dbg(&client->dev, "set test pattern %#x\n", ctrl->val);
		break;
	case V4L2_CID_HFLIP:
		/*
		 * DS: 0x3821[2] = HW mirror. Polarity inverted for this module:
		 * V4L2 hflip 0 -> HW mirror on; V4L2 hflip 1 -> HW mirror off.
		 */
		ret = og02c10_read_reg(og02c10->client, OG02C10_REG_MIRROR, &val);
		if (ret)
			break;
		if (ctrl->val)
			val &= ~OG02C10_MIRROR_BIT_MASK;
		else
			val |= OG02C10_MIRROR_BIT_MASK;
		ret = og02c10_write_reg(og02c10->client, OG02C10_REG_MIRROR, val);
		ret |= og02c10_update_keep_view(og02c10);
		dev_dbg(&client->dev,
			"set hflip %#x (hw_mirror %u), bus_fmt %#x\n",
			ctrl->val, og02c10_hw_mirror_en(og02c10),
			og02c10_get_bus_fmt(og02c10));
		break;
	case V4L2_CID_VFLIP:
		/* DS: 0x3820[2] flip */
		ret = og02c10_read_reg(og02c10->client, OG02C10_REG_FLIP, &val);
		if (ret)
			break;
		if (ctrl->val)
			val |= OG02C10_FLIP_BIT_MASK;
		else
			val &= ~OG02C10_FLIP_BIT_MASK;
		ret = og02c10_write_reg(og02c10->client, OG02C10_REG_FLIP, val);
		ret |= og02c10_update_keep_view(og02c10);
		dev_dbg(&client->dev, "set flip %#x, bus_fmt %#x\n",
			ctrl->val, og02c10_get_bus_fmt(og02c10));
		break;
	default:
		dev_warn(&client->dev, "%s Unhandled id: %#x, val :%#x\n",
			 __func__, ctrl->id, ctrl->val);
		break;
	}

	pm_runtime_put(&client->dev);

	return ret;
}

static const struct v4l2_ctrl_ops og02c10_ctrl_ops = {
	.s_ctrl = og02c10_set_ctrl,
};

static const struct v4l2_ctrl_config og02c10_test_pattern_ctrl_cfg = {
	.ops = &og02c10_ctrl_ops,
	.id = V4L2_CID_TEST_PATTERN,
	.name = "Test Pattern",
	.type = V4L2_CTRL_TYPE_INTEGER,
	.min = 0x0,
	.max = 0x1,
	.step = 0x1,
	.def = 0x0,
};

static int og02c10_initialize_controls(struct og02c10 *og02c10)
{
	const struct og02c10_mode *mode;
	struct v4l2_ctrl_handler *handler;
	s64 exposure_max, vblank_def;
	u64 pixels_per_line;
	u32 h_blank;
	int ret;
	u64 dst_link_freq = 0;
	u64 dst_pixel_rate;

	handler = &og02c10->ctrl_handler;
	mode = og02c10->cur_mode;
	dst_pixel_rate = og02c10_get_pixel_rate(mode);
	ret = v4l2_ctrl_handler_init(handler, 10);
	if (ret)
		return ret;
	handler->lock = &og02c10->mutex;

	og02c10->link_freq = v4l2_ctrl_new_int_menu(handler, NULL,
						    V4L2_CID_LINK_FREQ,
						    ARRAY_SIZE(link_freq_menu_items) - 1,
						    0, link_freq_menu_items);

	/* pixel rate = link frequency * 2 * lanes / BITS_PER_SAMPLE */
	og02c10->pixel_rate = v4l2_ctrl_new_std(handler, NULL,
						V4L2_CID_PIXEL_RATE,
						0, PIXEL_RATE_WITH_750M,
						1, dst_pixel_rate);

	__v4l2_ctrl_s_ctrl(og02c10->link_freq,
			   dst_link_freq);

	/* HTS is in SCLK cycles; V4L2 HBLANK is in pixel-rate cycles. */
	pixels_per_line = og02c10_get_pixels_per_line(mode);
	if (pixels_per_line > mode->width) {
		h_blank = pixels_per_line - mode->width;
	} else {
		dev_warn(&og02c10->client->dev,
			 "pixels_per_line(%llu) <= width(%u), report hblank=0\n",
			 (unsigned long long)pixels_per_line, mode->width);
		h_blank = 0;
	}
	og02c10->hblank = v4l2_ctrl_new_std(handler, NULL, V4L2_CID_HBLANK,
					    h_blank, h_blank, 1, h_blank);
	if (og02c10->hblank)
		og02c10->hblank->flags |= V4L2_CTRL_FLAG_READ_ONLY;

	vblank_def = mode->vts_def - mode->height;
	og02c10->vblank = v4l2_ctrl_new_std(handler, &og02c10_ctrl_ops,
					    V4L2_CID_VBLANK, vblank_def,
					    OG02C10_VTS_MAX - mode->height, 1, vblank_def);

	/* FAE: DCG max=VTS-8; Linear max=VTS/2-12 */
	if (mode->bus_fmt == MEDIA_BUS_FMT_SBGGR12_1X12)
		exposure_max = mode->vts_def - OG02C10_EXPOSURE_DCG_MARGIN;
	else
		exposure_max = mode->vts_def / 2 - OG02C10_EXPOSURE_LINEAR_MARGIN;
	og02c10->exposure = v4l2_ctrl_new_std(handler, &og02c10_ctrl_ops,
					      V4L2_CID_EXPOSURE, OG02C10_EXPOSURE_MIN,
					      exposure_max, OG02C10_EXPOSURE_STEP,
					      mode->exp_def);

	{
		s64 gain_min = OG02C10_GAIN_MIN;
		s64 gain_max = OG02C10_GAIN_MAX;
		s64 gain_def = OG02C10_GAIN_DEFAULT;

		if (mode->bus_fmt == MEDIA_BUS_FMT_SBGGR12_1X12) {
			gain_min = OG02C10_DCG_GAIN_MIN;
			gain_max = OG02C10_DCG_GAIN_MAX;
			gain_def = OG02C10_DCG_GAIN_DEFAULT;
		}
		og02c10->anal_gain = v4l2_ctrl_new_std(handler, &og02c10_ctrl_ops,
						       V4L2_CID_ANALOGUE_GAIN, gain_min,
						       gain_max, OG02C10_GAIN_STEP,
						       gain_def);
	}

	og02c10->h_flip = v4l2_ctrl_new_std(handler, &og02c10_ctrl_ops,
					    V4L2_CID_HFLIP, 0, 1, 1, 0);

	og02c10->v_flip = v4l2_ctrl_new_std(handler, &og02c10_ctrl_ops,
					    V4L2_CID_VFLIP, 0, 1, 1, 0);

	og02c10->test_pattern = v4l2_ctrl_new_custom(handler, &og02c10_test_pattern_ctrl_cfg, NULL);

	if (handler->error) {
		ret = handler->error;
		dev_err(&og02c10->client->dev,
			"Failed to init controls(%d)\n", ret);
		goto err_free_handler;
	}

	og02c10->subdev.ctrl_handler = handler;
	return 0;

err_free_handler:
	v4l2_ctrl_handler_free(handler);

	return ret;
}

static int og02c10_check_sensor_id(struct og02c10 *og02c10,
		  struct i2c_client *client)
{
	struct device *dev = &og02c10->client->dev;
	u8 id0 = 0, id1 = 0, id2 = 0;
	int ret;

	ret = og02c10_read_reg(client, OG02C10_REG_SC_SCCB_ID0, &id0);
	if (ret)
		return ret;

	ret = og02c10_read_reg(client, OG02C10_REG_SC_SCCB_ID1, &id1);
	if (ret)
		return ret;

	ret = og02c10_read_reg(client, OG02C10_REG_SC_SCCB_ID2, &id2);
	if (ret)
		return ret;

	dev_info(dev,
		 "Detected OG02C10 sensor, id0(%02x), id1(%02x), id2(%02x).\n",
		 id0, id1, id2);
	return 0;
}

static int og02c10_configure_regulators(struct og02c10 *og02c10)
{
	unsigned int i;

	for (i = 0; i < OG02C10_NUM_SUPPLIES; i++)
		og02c10->supplies[i].supply = OG02C10_supply_names[i];

	return devm_regulator_bulk_get(&og02c10->client->dev,
				       OG02C10_NUM_SUPPLIES,
				       og02c10->supplies);
}

static int og02c10_probe(struct i2c_client *client,
			 const struct i2c_device_id *id)
{
	struct device *dev = &client->dev;
	struct device_node *node = dev->of_node;
	struct og02c10 *og02c10;
	struct v4l2_subdev *sd;
	const char *sync_mode_name;
	char facing[2];
	int ret;
	u32 i, hdr_mode = 0;

	dev_info(dev, "driver version: %02x.%02x.%02x\n",
		 DRIVER_VERSION >> 16,
		 (DRIVER_VERSION & 0xff00) >> 8,
		 DRIVER_VERSION & 0x00ff);

	og02c10 = devm_kzalloc(dev, sizeof(*og02c10), GFP_KERNEL);
	if (!og02c10)
		return -ENOMEM;

	ret = of_property_read_u32(node, RKMODULE_CAMERA_MODULE_INDEX,
				   &og02c10->module_index);
	ret |= of_property_read_string(node, RKMODULE_CAMERA_MODULE_FACING,
				       &og02c10->module_facing);
	ret |= of_property_read_string(node, RKMODULE_CAMERA_MODULE_NAME,
				       &og02c10->module_name);
	ret |= of_property_read_string(node, RKMODULE_CAMERA_LENS_NAME,
				       &og02c10->len_name);
	if (ret) {
		dev_err(dev, "could not get module information!\n");
		return -EINVAL;
	}

	og02c10->sync_mode = NO_SYNC_MODE;
	ret = of_property_read_string(node, RKMODULE_CAMERA_SYNC_MODE,
				      &sync_mode_name);
	if (!ret) {
		if (!strcmp(sync_mode_name, RKMODULE_INTERNAL_MASTER_MODE))
			og02c10->sync_mode = INTERNAL_MASTER_MODE;
		else if (!strcmp(sync_mode_name, RKMODULE_SLAVE_MODE))
			og02c10->sync_mode = SLAVE_MODE;
		else
			dev_warn(dev, "unsupported sync mode '%s', using no sync\n",
				 sync_mode_name);
	}
	dev_info(dev, "sync mode: %u\n", og02c10->sync_mode);

	og02c10->cfg_num = ARRAY_SIZE(supported_modes);
	og02c10->cur_mode = &supported_modes[0];
	ret = of_property_read_u32(node, OF_CAMERA_HDR_MODE,
				   &hdr_mode);
	if (!ret) {
		for (i = 0; i < og02c10->cfg_num; i++) {
			if (hdr_mode == supported_modes[i].hdr_mode) {
				og02c10->cur_mode = &supported_modes[i];
				break;
			}
		}
		if (i == og02c10->cfg_num)
			dev_warn(dev, "unsupported hdr mode %u, use default\n", hdr_mode);
	} else {
		dev_warn(dev, "Get hdr mode failed, use default mode %u\n",
			 og02c10->cur_mode->hdr_mode);
	}
	og02c10->client = client;
	og02c10->xvclk = devm_clk_get(dev, "xvclk");
	if (IS_ERR(og02c10->xvclk)) {
		dev_err(dev, "Failed to get xvclk\n");
		return -EINVAL;
	}

	og02c10->pinctrl = devm_pinctrl_get(dev);
	if (!IS_ERR(og02c10->pinctrl)) {
		og02c10->pins_default = pinctrl_lookup_state(og02c10->pinctrl,
							     OF_CAMERA_PINCTRL_STATE_DEFAULT);
		if (IS_ERR(og02c10->pins_default)) {
			dev_err(dev, "could not get default pinstate\n");
		} else {
			ret = pinctrl_select_state(og02c10->pinctrl, og02c10->pins_default);
			if (ret < 0)
				dev_err(dev, "could not set default pins\n");
		}

		og02c10->pins_mclk = pinctrl_lookup_state(og02c10->pinctrl,
							  OF_CAMERA_PINCTRL_STATE_MCLK);
		if (IS_ERR(og02c10->pins_mclk)) {
			dev_err(dev, "could not get mclk pinstate\n");
		} else {
			if (!IS_ERR_OR_NULL(og02c10->pins_mclk)) {
				ret = pinctrl_select_state(og02c10->pinctrl, og02c10->pins_mclk);
				if (ret < 0)
					dev_err(dev, "could not set mclk pins\n");
			}
		}
	} else {
		dev_err(dev, "no pinctrl\n");
	}

	og02c10->reset_gpio = devm_gpiod_get(dev, "reset", GPIOD_OUT_LOW);
	if (IS_ERR(og02c10->reset_gpio))
		dev_warn(dev, "Failed to get reset-gpios\n");

	og02c10->pwdn_gpio = devm_gpiod_get(dev, "pwdn", GPIOD_OUT_LOW);
	if (IS_ERR(og02c10->pwdn_gpio))
		dev_warn(dev, "Failed to get pwdn-gpios\n");

	ret = og02c10_configure_regulators(og02c10);
	if (ret) {
		dev_err(dev, "Failed to get power regulators\n");
		return ret;
	}

	mutex_init(&og02c10->mutex);

	sd = &og02c10->subdev;
	v4l2_i2c_subdev_init(sd, client, &og02c10_subdev_ops);
	ret = og02c10_initialize_controls(og02c10);
	if (ret)
		goto err_destroy_mutex;

	ret = __og02c10_power_on(og02c10);
	if (ret)
		goto err_free_handler;

	ret = og02c10_check_sensor_id(og02c10, client);
	if (ret)
		goto err_power_off;

#ifdef CONFIG_VIDEO_V4L2_SUBDEV_API
	sd->internal_ops = &og02c10_internal_ops;
	sd->flags |= V4L2_SUBDEV_FL_HAS_DEVNODE;
#endif
#if defined(CONFIG_MEDIA_CONTROLLER)
	og02c10->pad.flags = MEDIA_PAD_FL_SOURCE;
	sd->entity.function = MEDIA_ENT_F_CAM_SENSOR;
	ret = media_entity_pads_init(&sd->entity, 1, &og02c10->pad);
	if (ret < 0) {
		dev_err(dev, "media entity pads init failed.\n");
		goto err_power_off;
	}
#endif

	memset(facing, 0, sizeof(facing));
	if (strcmp(og02c10->module_facing, "back") == 0)
		facing[0] = 'b';
	else
		facing[0] = 'f';

	snprintf(sd->name, sizeof(sd->name), "m%02d_%s_%s %s",
		 og02c10->module_index, facing,
		 OG02C10_NAME, dev_name(sd->dev));
	ret = v4l2_async_register_subdev_sensor(sd);
	if (ret) {
		dev_err(dev, "v4l2 async register subdev failed\n");
		goto err_clean_entity;
	}

	pm_runtime_set_active(dev);
	pm_runtime_enable(dev);
	pm_runtime_idle(dev);

	dev_info(dev, "probe success\n");
	return 0;

err_clean_entity:
#if defined(CONFIG_MEDIA_CONTROLLER)
	media_entity_cleanup(&sd->entity);
#endif
err_power_off:
	__og02c10_power_off(og02c10);
err_free_handler:
	v4l2_ctrl_handler_free(&og02c10->ctrl_handler);
err_destroy_mutex:
	mutex_destroy(&og02c10->mutex);

	return ret;
}

static void og02c10_remove(struct i2c_client *client)
{
	struct v4l2_subdev *sd = i2c_get_clientdata(client);
	struct og02c10 *og02c10 = to_og02c10(sd);

	v4l2_async_unregister_subdev(sd);
#if defined(CONFIG_MEDIA_CONTROLLER)
	media_entity_cleanup(&sd->entity);
#endif
	v4l2_ctrl_handler_free(&og02c10->ctrl_handler);
	mutex_destroy(&og02c10->mutex);

	pm_runtime_disable(&client->dev);
	if (!pm_runtime_status_suspended(&client->dev))
		__og02c10_power_off(og02c10);
	pm_runtime_set_suspended(&client->dev);
}

#if IS_ENABLED(CONFIG_OF)
static const struct of_device_id og02c10_of_match[] = {
	{ .compatible = "ovti,og02c10" },
	{},
};
MODULE_DEVICE_TABLE(of, og02c10_of_match);
#endif

static const struct i2c_device_id og02c10_match_id[] = {
	{ "og02c10", 0 },
	{ },
};

static struct i2c_driver og02c10_i2c_driver = {
	.driver = {
		.name = OG02C10_NAME,
		.pm = &og02c10_pm_ops,
		.of_match_table = of_match_ptr(og02c10_of_match),
	},
	.probe = og02c10_probe,
	.remove = og02c10_remove,
	.id_table = og02c10_match_id,
};

#ifdef CONFIG_ROCKCHIP_THUNDER_BOOT
module_i2c_driver(og02c10_i2c_driver);
#else
static int __init sensor_mod_init(void)
{
	return i2c_add_driver(&og02c10_i2c_driver);
}

static void __exit sensor_mod_exit(void)
{
	i2c_del_driver(&og02c10_i2c_driver);
}

device_initcall_sync(sensor_mod_init);
module_exit(sensor_mod_exit);
#endif

MODULE_DESCRIPTION("OmniVision og02c10 sensor driver");
MODULE_LICENSE("GPL");
